--
-- PostgreSQL database dump
--

\restrict zXCQV3RWoK9QJruOcjSPcOIfuAquiC5W3kW9qo9b14h1SyhWs7qE5ct8DV4Gcwr

-- Dumped from database version 17.10
-- Dumped by pg_dump version 17.10 (Homebrew)

SET statement_timeout = 0;
SET lock_timeout = 0;
SET idle_in_transaction_session_timeout = 0;
SET transaction_timeout = 0;
SET client_encoding = 'UTF8';
SET standard_conforming_strings = on;
SELECT pg_catalog.set_config('search_path', '', false);
SET check_function_bodies = false;
SET xmloption = content;
SET client_min_messages = warning;
SET row_security = off;

--
-- Name: pgcrypto; Type: EXTENSION; Schema: -; Owner: -
--

CREATE EXTENSION IF NOT EXISTS pgcrypto WITH SCHEMA public;


--
-- Name: EXTENSION pgcrypto; Type: COMMENT; Schema: -; Owner: -
--

COMMENT ON EXTENSION pgcrypto IS 'cryptographic functions';


SET default_tablespace = '';

SET default_table_access_method = heap;

--
-- Name: appointments; Type: TABLE; Schema: public; Owner: -
--

CREATE TABLE public.appointments (
    id bigint NOT NULL,
    pet_id bigint NOT NULL,
    owner_user_id bigint NOT NULL,
    staff_user_id bigint,
    appointment_type character varying(20) NOT NULL,
    channel character varying(20) NOT NULL,
    scheduled_at timestamp without time zone NOT NULL,
    status character varying(20) NOT NULL,
    note character varying(500),
    deleted_at timestamp without time zone,
    created_at timestamp without time zone DEFAULT CURRENT_TIMESTAMP NOT NULL,
    updated_at timestamp without time zone DEFAULT CURRENT_TIMESTAMP NOT NULL,
    zoom_join_url character varying(500),
    CONSTRAINT appointments_appointment_type_check CHECK (((appointment_type)::text = ANY ((ARRAY['CONSULTATION'::character varying, 'MEDICAL'::character varying])::text[]))),
    CONSTRAINT appointments_channel_check CHECK (((channel)::text = ANY ((ARRAY['ONLINE'::character varying, 'VISIT'::character varying, 'HOSPITAL'::character varying])::text[]))),
    CONSTRAINT appointments_status_check CHECK (((status)::text = ANY ((ARRAY['REQUESTED'::character varying, 'CONFIRMED'::character varying, 'CANCELED'::character varying, 'COMPLETED'::character varying])::text[])))
);


--
-- Name: appointments_id_seq; Type: SEQUENCE; Schema: public; Owner: -
--

ALTER TABLE public.appointments ALTER COLUMN id ADD GENERATED BY DEFAULT AS IDENTITY (
    SEQUENCE NAME public.appointments_id_seq
    START WITH 1
    INCREMENT BY 1
    NO MINVALUE
    NO MAXVALUE
    CACHE 1
);


--
-- Name: consult_chat_messages; Type: TABLE; Schema: public; Owner: -
--

CREATE TABLE public.consult_chat_messages (
    id bigint NOT NULL,
    user_id bigint NOT NULL,
    sender_type character varying(10) NOT NULL,
    message character varying(1000) NOT NULL,
    created_at timestamp without time zone DEFAULT CURRENT_TIMESTAMP NOT NULL,
    CONSTRAINT consult_chat_messages_sender_type_check CHECK (((sender_type)::text = ANY ((ARRAY['USER'::character varying, 'BOT'::character varying])::text[])))
);


--
-- Name: consult_chat_messages_id_seq; Type: SEQUENCE; Schema: public; Owner: -
--

ALTER TABLE public.consult_chat_messages ALTER COLUMN id ADD GENERATED BY DEFAULT AS IDENTITY (
    SEQUENCE NAME public.consult_chat_messages_id_seq
    START WITH 1
    INCREMENT BY 1
    NO MINVALUE
    NO MAXVALUE
    CACHE 1
);


--
-- Name: email_messages; Type: TABLE; Schema: public; Owner: -
--

CREATE TABLE public.email_messages (
    id bigint NOT NULL,
    template_id bigint NOT NULL,
    recipient_user_id bigint NOT NULL,
    pet_id bigint,
    appointment_id bigint,
    invoice_id bigint,
    subject character varying(200) NOT NULL,
    body text NOT NULL,
    send_timing_at timestamp without time zone,
    status character varying(20) NOT NULL,
    error_message text,
    created_at timestamp without time zone DEFAULT CURRENT_TIMESTAMP NOT NULL,
    sent_at timestamp without time zone,
    CONSTRAINT email_messages_status_check CHECK (((status)::text = ANY ((ARRAY['QUEUED'::character varying, 'SENT'::character varying, 'FAILED'::character varying])::text[])))
);


--
-- Name: email_messages_id_seq; Type: SEQUENCE; Schema: public; Owner: -
--

ALTER TABLE public.email_messages ALTER COLUMN id ADD GENERATED BY DEFAULT AS IDENTITY (
    SEQUENCE NAME public.email_messages_id_seq
    START WITH 1
    INCREMENT BY 1
    NO MINVALUE
    NO MAXVALUE
    CACHE 1
);


--
-- Name: email_templates; Type: TABLE; Schema: public; Owner: -
--

CREATE TABLE public.email_templates (
    id bigint NOT NULL,
    template_code character varying(100) NOT NULL,
    subject_template character varying(200) NOT NULL,
    body_template text NOT NULL,
    is_active boolean DEFAULT true NOT NULL,
    created_at timestamp without time zone DEFAULT CURRENT_TIMESTAMP NOT NULL,
    updated_at timestamp without time zone DEFAULT CURRENT_TIMESTAMP NOT NULL
);


--
-- Name: email_templates_id_seq; Type: SEQUENCE; Schema: public; Owner: -
--

ALTER TABLE public.email_templates ALTER COLUMN id ADD GENERATED BY DEFAULT AS IDENTITY (
    SEQUENCE NAME public.email_templates_id_seq
    START WITH 1
    INCREMENT BY 1
    NO MINVALUE
    NO MAXVALUE
    CACHE 1
);


--
-- Name: health_records; Type: TABLE; Schema: public; Owner: -
--

CREATE TABLE public.health_records (
    id bigint NOT NULL,
    pet_id bigint NOT NULL,
    recorded_by_user_id bigint NOT NULL,
    record_date date NOT NULL,
    weight_kg numeric(5,2),
    meal_memo character varying(300),
    exercise_minutes integer,
    note text,
    deleted_at timestamp without time zone,
    created_at timestamp without time zone DEFAULT CURRENT_TIMESTAMP NOT NULL,
    updated_at timestamp without time zone DEFAULT CURRENT_TIMESTAMP NOT NULL,
    meal_score integer,
    exercise_score integer,
    sleep_score integer,
    mood_score integer,
    image_path character varying(500),
    overall_score integer,
    CONSTRAINT health_records_exercise_score_check CHECK (((exercise_score >= 1) AND (exercise_score <= 5))),
    CONSTRAINT health_records_meal_score_check CHECK (((meal_score >= 1) AND (meal_score <= 5))),
    CONSTRAINT health_records_mood_score_check CHECK (((mood_score >= 1) AND (mood_score <= 5))),
    CONSTRAINT health_records_overall_score_check CHECK (((overall_score >= 1) AND (overall_score <= 5))),
    CONSTRAINT health_records_sleep_score_check CHECK (((sleep_score >= 1) AND (sleep_score <= 5)))
);


--
-- Name: health_records_id_seq; Type: SEQUENCE; Schema: public; Owner: -
--

ALTER TABLE public.health_records ALTER COLUMN id ADD GENERATED BY DEFAULT AS IDENTITY (
    SEQUENCE NAME public.health_records_id_seq
    START WITH 1
    INCREMENT BY 1
    NO MINVALUE
    NO MAXVALUE
    CACHE 1
);


--
-- Name: invoices; Type: TABLE; Schema: public; Owner: -
--

CREATE TABLE public.invoices (
    id bigint NOT NULL,
    subscription_id bigint NOT NULL,
    invoice_number character varying(50) NOT NULL,
    invoice_date date NOT NULL,
    due_date date NOT NULL,
    amount numeric(10,2) NOT NULL,
    payment_status character varying(20) NOT NULL,
    issued_at timestamp without time zone,
    paid_at timestamp without time zone,
    deleted_at timestamp without time zone,
    created_at timestamp without time zone DEFAULT CURRENT_TIMESTAMP NOT NULL,
    updated_at timestamp without time zone DEFAULT CURRENT_TIMESTAMP NOT NULL,
    CONSTRAINT invoices_payment_status_check CHECK (((payment_status)::text = ANY ((ARRAY['UNPAID'::character varying, 'PARTIAL'::character varying, 'PAID'::character varying])::text[])))
);


--
-- Name: invoices_id_seq; Type: SEQUENCE; Schema: public; Owner: -
--

ALTER TABLE public.invoices ALTER COLUMN id ADD GENERATED BY DEFAULT AS IDENTITY (
    SEQUENCE NAME public.invoices_id_seq
    START WITH 1
    INCREMENT BY 1
    NO MINVALUE
    NO MAXVALUE
    CACHE 1
);


--
-- Name: medical_attachments; Type: TABLE; Schema: public; Owner: -
--

CREATE TABLE public.medical_attachments (
    id bigint NOT NULL,
    medical_history_id bigint NOT NULL,
    file_name character varying(255) NOT NULL,
    file_path character varying(500) NOT NULL,
    file_mime_type character varying(100) NOT NULL,
    file_size_bytes bigint NOT NULL,
    description character varying(200),
    uploaded_at timestamp without time zone DEFAULT CURRENT_TIMESTAMP NOT NULL,
    deleted_at timestamp without time zone,
    created_at timestamp without time zone DEFAULT CURRENT_TIMESTAMP NOT NULL,
    updated_at timestamp without time zone DEFAULT CURRENT_TIMESTAMP NOT NULL
);


--
-- Name: medical_attachments_id_seq; Type: SEQUENCE; Schema: public; Owner: -
--

ALTER TABLE public.medical_attachments ALTER COLUMN id ADD GENERATED BY DEFAULT AS IDENTITY (
    SEQUENCE NAME public.medical_attachments_id_seq
    START WITH 1
    INCREMENT BY 1
    NO MINVALUE
    NO MAXVALUE
    CACHE 1
);


--
-- Name: medical_histories; Type: TABLE; Schema: public; Owner: -
--

CREATE TABLE public.medical_histories (
    id bigint NOT NULL,
    pet_id bigint NOT NULL,
    appointment_id bigint,
    handled_by_user_id bigint NOT NULL,
    performed_on date NOT NULL,
    treatment_detail character varying(1000) NOT NULL,
    diagnosis character varying(1000),
    prescription character varying(1000),
    deleted_at timestamp without time zone,
    created_at timestamp without time zone DEFAULT CURRENT_TIMESTAMP NOT NULL,
    updated_at timestamp without time zone DEFAULT CURRENT_TIMESTAMP NOT NULL
);


--
-- Name: medical_histories_id_seq; Type: SEQUENCE; Schema: public; Owner: -
--

ALTER TABLE public.medical_histories ALTER COLUMN id ADD GENERATED BY DEFAULT AS IDENTITY (
    SEQUENCE NAME public.medical_histories_id_seq
    START WITH 1
    INCREMENT BY 1
    NO MINVALUE
    NO MAXVALUE
    CACHE 1
);


--
-- Name: notification_recipients; Type: TABLE; Schema: public; Owner: -
--

CREATE TABLE public.notification_recipients (
    notification_id bigint NOT NULL,
    user_id bigint NOT NULL,
    read_at timestamp without time zone,
    delivery_status character varying(20) NOT NULL,
    CONSTRAINT notification_recipients_delivery_status_check CHECK (((delivery_status)::text = ANY ((ARRAY['PENDING'::character varying, 'SENT'::character varying, 'FAILED'::character varying])::text[])))
);


--
-- Name: notifications; Type: TABLE; Schema: public; Owner: -
--

CREATE TABLE public.notifications (
    id bigint NOT NULL,
    notification_type character varying(20) NOT NULL,
    title character varying(100) NOT NULL,
    body character varying(2000) NOT NULL,
    scheduled_at timestamp without time zone,
    sent_at timestamp without time zone,
    delivery_status character varying(20) NOT NULL,
    created_by_user_id bigint NOT NULL,
    deleted_at timestamp without time zone,
    created_at timestamp without time zone DEFAULT CURRENT_TIMESTAMP NOT NULL,
    updated_at timestamp without time zone DEFAULT CURRENT_TIMESTAMP NOT NULL,
    CONSTRAINT notifications_delivery_status_check CHECK (((delivery_status)::text = ANY ((ARRAY['DRAFT'::character varying, 'SCHEDULED'::character varying, 'SENT'::character varying, 'FAILED'::character varying])::text[]))),
    CONSTRAINT notifications_notification_type_check CHECK (((notification_type)::text = ANY ((ARRAY['REMINDER'::character varying, 'INFO'::character varying, 'ALERT'::character varying])::text[])))
);


--
-- Name: notifications_id_seq; Type: SEQUENCE; Schema: public; Owner: -
--

ALTER TABLE public.notifications ALTER COLUMN id ADD GENERATED BY DEFAULT AS IDENTITY (
    SEQUENCE NAME public.notifications_id_seq
    START WITH 1
    INCREMENT BY 1
    NO MINVALUE
    NO MAXVALUE
    CACHE 1
);


--
-- Name: payments; Type: TABLE; Schema: public; Owner: -
--

CREATE TABLE public.payments (
    id bigint NOT NULL,
    invoice_id bigint NOT NULL,
    paid_amount numeric(10,2) NOT NULL,
    paid_at timestamp without time zone,
    payment_method character varying(20) NOT NULL,
    transaction_ref character varying(100),
    status character varying(20) NOT NULL,
    created_at timestamp without time zone DEFAULT CURRENT_TIMESTAMP NOT NULL,
    CONSTRAINT payments_payment_method_check CHECK (((payment_method)::text = ANY ((ARRAY['CARD'::character varying, 'BANK'::character varying, 'OTHER'::character varying])::text[]))),
    CONSTRAINT payments_status_check CHECK (((status)::text = ANY ((ARRAY['PENDING'::character varying, 'SUCCEEDED'::character varying, 'FAILED'::character varying])::text[])))
);


--
-- Name: payments_id_seq; Type: SEQUENCE; Schema: public; Owner: -
--

ALTER TABLE public.payments ALTER COLUMN id ADD GENERATED BY DEFAULT AS IDENTITY (
    SEQUENCE NAME public.payments_id_seq
    START WITH 1
    INCREMENT BY 1
    NO MINVALUE
    NO MAXVALUE
    CACHE 1
);


--
-- Name: pet_care_records; Type: TABLE; Schema: public; Owner: -
--

CREATE TABLE public.pet_care_records (
    id bigint NOT NULL,
    pet_id bigint NOT NULL,
    recorded_by_user_id bigint NOT NULL,
    care_type character varying(30) NOT NULL,
    administered_on date NOT NULL,
    next_due_on date NOT NULL,
    memo character varying(500),
    deleted_at timestamp without time zone,
    created_at timestamp without time zone DEFAULT CURRENT_TIMESTAMP NOT NULL,
    updated_at timestamp without time zone DEFAULT CURRENT_TIMESTAMP NOT NULL,
    CONSTRAINT pet_care_records_care_type_check CHECK (((care_type)::text = ANY ((ARRAY['RABIES'::character varying, 'HEARTWORM'::character varying, 'COMBO_VACCINE'::character varying, 'MEDICAL_VISIT'::character varying, 'OTHER'::character varying])::text[])))
);


--
-- Name: pet_care_records_id_seq; Type: SEQUENCE; Schema: public; Owner: -
--

ALTER TABLE public.pet_care_records ALTER COLUMN id ADD GENERATED BY DEFAULT AS IDENTITY (
    SEQUENCE NAME public.pet_care_records_id_seq
    START WITH 1
    INCREMENT BY 1
    NO MINVALUE
    NO MAXVALUE
    CACHE 1
);


--
-- Name: pets; Type: TABLE; Schema: public; Owner: -
--

CREATE TABLE public.pets (
    id bigint NOT NULL,
    owner_user_id bigint NOT NULL,
    name character varying(100) NOT NULL,
    species character varying(30) NOT NULL,
    breed character varying(100),
    sex character varying(10),
    birth_date date,
    weight_baseline_kg numeric(5,2),
    deleted_at timestamp without time zone,
    created_at timestamp without time zone DEFAULT CURRENT_TIMESTAMP NOT NULL,
    updated_at timestamp without time zone DEFAULT CURRENT_TIMESTAMP NOT NULL,
    image_path character varying(500)
);


--
-- Name: pets_id_seq; Type: SEQUENCE; Schema: public; Owner: -
--

ALTER TABLE public.pets ALTER COLUMN id ADD GENERATED BY DEFAULT AS IDENTITY (
    SEQUENCE NAME public.pets_id_seq
    START WITH 1
    INCREMENT BY 1
    NO MINVALUE
    NO MAXVALUE
    CACHE 1
);


--
-- Name: plans; Type: TABLE; Schema: public; Owner: -
--

CREATE TABLE public.plans (
    id bigint NOT NULL,
    name character varying(100) NOT NULL,
    monthly_fee numeric(10,2) NOT NULL,
    features_json jsonb,
    is_active boolean DEFAULT true NOT NULL,
    deleted_at timestamp without time zone,
    created_at timestamp without time zone DEFAULT CURRENT_TIMESTAMP NOT NULL,
    updated_at timestamp without time zone DEFAULT CURRENT_TIMESTAMP NOT NULL
);


--
-- Name: plans_id_seq; Type: SEQUENCE; Schema: public; Owner: -
--

ALTER TABLE public.plans ALTER COLUMN id ADD GENERATED BY DEFAULT AS IDENTITY (
    SEQUENCE NAME public.plans_id_seq
    START WITH 1
    INCREMENT BY 1
    NO MINVALUE
    NO MAXVALUE
    CACHE 1
);


--
-- Name: roles; Type: TABLE; Schema: public; Owner: -
--

CREATE TABLE public.roles (
    id bigint NOT NULL,
    role_code character varying(50) NOT NULL,
    role_name character varying(100) NOT NULL,
    created_at timestamp without time zone DEFAULT CURRENT_TIMESTAMP NOT NULL,
    updated_at timestamp without time zone DEFAULT CURRENT_TIMESTAMP NOT NULL
);


--
-- Name: roles_id_seq; Type: SEQUENCE; Schema: public; Owner: -
--

ALTER TABLE public.roles ALTER COLUMN id ADD GENERATED BY DEFAULT AS IDENTITY (
    SEQUENCE NAME public.roles_id_seq
    START WITH 1
    INCREMENT BY 1
    NO MINVALUE
    NO MAXVALUE
    CACHE 1
);


--
-- Name: subscriptions; Type: TABLE; Schema: public; Owner: -
--

CREATE TABLE public.subscriptions (
    id bigint NOT NULL,
    user_id bigint NOT NULL,
    pet_id bigint NOT NULL,
    plan_id bigint NOT NULL,
    start_date date NOT NULL,
    end_date date,
    status character varying(20) NOT NULL,
    auto_renew boolean DEFAULT true NOT NULL,
    deleted_at timestamp without time zone,
    created_at timestamp without time zone DEFAULT CURRENT_TIMESTAMP NOT NULL,
    updated_at timestamp without time zone DEFAULT CURRENT_TIMESTAMP NOT NULL,
    CONSTRAINT subscriptions_status_check CHECK (((status)::text = ANY ((ARRAY['ACTIVE'::character varying, 'PAUSED'::character varying, 'CANCELED'::character varying])::text[])))
);


--
-- Name: subscriptions_id_seq; Type: SEQUENCE; Schema: public; Owner: -
--

ALTER TABLE public.subscriptions ALTER COLUMN id ADD GENERATED BY DEFAULT AS IDENTITY (
    SEQUENCE NAME public.subscriptions_id_seq
    START WITH 1
    INCREMENT BY 1
    NO MINVALUE
    NO MAXVALUE
    CACHE 1
);


--
-- Name: symptom_checks; Type: TABLE; Schema: public; Owner: -
--

CREATE TABLE public.symptom_checks (
    id bigint NOT NULL,
    pet_id bigint NOT NULL,
    requested_by_user_id bigint NOT NULL,
    symptom_type character varying(100) NOT NULL,
    onset_text character varying(100),
    memo character varying(500),
    severity character varying(10) NOT NULL,
    recommendation character varying(10) NOT NULL,
    ai_model character varying(100),
    created_at timestamp without time zone DEFAULT CURRENT_TIMESTAMP NOT NULL,
    CONSTRAINT symptom_checks_recommendation_check CHECK (((recommendation)::text = ANY ((ARRAY['OBSERVE'::character varying, 'CONSULT'::character varying, 'VISIT'::character varying])::text[]))),
    CONSTRAINT symptom_checks_severity_check CHECK (((severity)::text = ANY ((ARRAY['LOW'::character varying, 'MEDIUM'::character varying, 'HIGH'::character varying])::text[])))
);


--
-- Name: symptom_checks_id_seq; Type: SEQUENCE; Schema: public; Owner: -
--

ALTER TABLE public.symptom_checks ALTER COLUMN id ADD GENERATED BY DEFAULT AS IDENTITY (
    SEQUENCE NAME public.symptom_checks_id_seq
    START WITH 1
    INCREMENT BY 1
    NO MINVALUE
    NO MAXVALUE
    CACHE 1
);


--
-- Name: users; Type: TABLE; Schema: public; Owner: -
--

CREATE TABLE public.users (
    id bigint NOT NULL,
    role_id bigint NOT NULL,
    name character varying(100) NOT NULL,
    email character varying(255) NOT NULL,
    password_hash character varying(255) NOT NULL,
    phone character varying(20),
    status character varying(20) DEFAULT 'ACTIVE'::character varying NOT NULL,
    last_login_at timestamp without time zone,
    deleted_at timestamp without time zone,
    created_at timestamp without time zone DEFAULT CURRENT_TIMESTAMP NOT NULL,
    updated_at timestamp without time zone DEFAULT CURRENT_TIMESTAMP NOT NULL,
    CONSTRAINT users_status_check CHECK (((status)::text = ANY ((ARRAY['ACTIVE'::character varying, 'INACTIVE'::character varying, 'SUSPENDED'::character varying])::text[])))
);


--
-- Name: users_id_seq; Type: SEQUENCE; Schema: public; Owner: -
--

ALTER TABLE public.users ALTER COLUMN id ADD GENERATED BY DEFAULT AS IDENTITY (
    SEQUENCE NAME public.users_id_seq
    START WITH 1
    INCREMENT BY 1
    NO MINVALUE
    NO MAXVALUE
    CACHE 1
);


--
-- Data for Name: appointments; Type: TABLE DATA; Schema: public; Owner: -
--

COPY public.appointments (id, pet_id, owner_user_id, staff_user_id, appointment_type, channel, scheduled_at, status, note, deleted_at, created_at, updated_at, zoom_join_url) FROM stdin;
1	2	2	4	CONSULTATION	VISIT	2026-05-20 10:00:00	CONFIRMED	嘔吐の相談	\N	2026-05-15 16:20:31.556001	2026-05-15 16:20:31.556001	\N
2	1	2	4	MEDICAL	HOSPITAL	2026-05-22 14:30:00	REQUESTED	定期健診	\N	2026-05-15 16:20:31.556001	2026-05-15 16:20:31.556001	\N
\.


--
-- Data for Name: consult_chat_messages; Type: TABLE DATA; Schema: public; Owner: -
--

COPY public.consult_chat_messages (id, user_id, sender_type, message, created_at) FROM stdin;
\.


--
-- Data for Name: email_messages; Type: TABLE DATA; Schema: public; Owner: -
--

COPY public.email_messages (id, template_id, recipient_user_id, pet_id, appointment_id, invoice_id, subject, body, send_timing_at, status, error_message, created_at, sent_at) FROM stdin;
1	1	2	2	1	\N	【Pet Life Plus】予約リマインド	明日10:00の予約があります。	2026-05-19 18:00:00	QUEUED	\N	2026-05-15 16:20:31.562541	\N
2	2	2	\N	\N	2	【Pet Life Plus】請求のお知らせ	請求番号INV-202605-0002のご案内です。	\N	SENT	\N	2026-05-15 16:20:31.562541	2026-05-03 09:00:00
\.


--
-- Data for Name: email_templates; Type: TABLE DATA; Schema: public; Owner: -
--

COPY public.email_templates (id, template_code, subject_template, body_template, is_active, created_at, updated_at) FROM stdin;
1	APPOINTMENT_REMINDER	【Pet Life Plus】予約リマインド	ご予約の前日通知です。	t	2026-05-15 16:20:31.562127	2026-05-15 16:20:31.562127
2	INVOICE_NOTICE	【Pet Life Plus】請求のお知らせ	今月分の請求をご確認ください。	t	2026-05-15 16:20:31.562127	2026-05-15 16:20:31.562127
\.


--
-- Data for Name: health_records; Type: TABLE DATA; Schema: public; Owner: -
--

COPY public.health_records (id, pet_id, recorded_by_user_id, record_date, weight_kg, meal_memo, exercise_minutes, note, deleted_at, created_at, updated_at, meal_score, exercise_score, sleep_score, mood_score, image_path, overall_score) FROM stdin;
1	1	2	2026-05-10	8.60	食欲良好	30	特記事項なし	\N	2026-05-15 16:20:31.554433	2026-05-15 16:20:31.554433	\N	\N	\N	\N	\N	\N
2	2	2	2026-05-10	3.75	少し食欲低下	15	様子見	\N	2026-05-15 16:20:31.554433	2026-05-15 16:20:31.554433	\N	\N	\N	\N	\N	\N
3	3	3	2026-05-11	5.25	通常	25	元気	\N	2026-05-15 16:20:31.554433	2026-05-15 16:20:31.554433	\N	\N	\N	\N	\N	\N
\.


--
-- Data for Name: invoices; Type: TABLE DATA; Schema: public; Owner: -
--

COPY public.invoices (id, subscription_id, invoice_number, invoice_date, due_date, amount, payment_status, issued_at, paid_at, deleted_at, created_at, updated_at) FROM stdin;
1	1	INV-202605-0001	2026-05-01	2026-05-31	980.00	PAID	2026-05-01 09:00:00	2026-05-02 10:00:00	\N	2026-05-15 16:20:31.559755	2026-05-15 16:20:31.559755
2	2	INV-202605-0002	2026-05-01	2026-05-31	1980.00	UNPAID	2026-05-01 09:05:00	\N	\N	2026-05-15 16:20:31.559755	2026-05-15 16:20:31.559755
\.


--
-- Data for Name: medical_attachments; Type: TABLE DATA; Schema: public; Owner: -
--

COPY public.medical_attachments (id, medical_history_id, file_name, file_path, file_mime_type, file_size_bytes, description, uploaded_at, deleted_at, created_at, updated_at) FROM stdin;
1	1	result_20260520.pdf	/uploads/medical/result_20260520.pdf	application/pdf	245760	診療結果PDF	2026-05-15 16:20:31.557892	\N	2026-05-15 16:20:31.557892	2026-05-15 16:20:31.557892
\.


--
-- Data for Name: medical_histories; Type: TABLE DATA; Schema: public; Owner: -
--

COPY public.medical_histories (id, pet_id, appointment_id, handled_by_user_id, performed_on, treatment_detail, diagnosis, prescription, deleted_at, created_at, updated_at) FROM stdin;
1	2	1	4	2026-05-20	触診・体温測定	軽度胃腸炎	整腸剤3日分	\N	2026-05-15 16:20:31.557198	2026-05-15 16:20:31.557198
\.


--
-- Data for Name: notification_recipients; Type: TABLE DATA; Schema: public; Owner: -
--

COPY public.notification_recipients (notification_id, user_id, read_at, delivery_status) FROM stdin;
1	2	\N	PENDING
2	2	2026-05-10 12:10:00	SENT
2	3	\N	SENT
\.


--
-- Data for Name: notifications; Type: TABLE DATA; Schema: public; Owner: -
--

COPY public.notifications (id, notification_type, title, body, scheduled_at, sent_at, delivery_status, created_by_user_id, deleted_at, created_at, updated_at) FROM stdin;
1	REMINDER	明日の予約通知	明日10:00に相談予約があります。	2026-05-19 18:00:00	\N	SCHEDULED	5	\N	2026-05-15 16:20:31.560973	2026-05-15 16:20:31.560973
2	INFO	新機能のお知らせ	AI症状チェック機能を更新しました。	\N	2026-05-10 12:00:00	SENT	1	\N	2026-05-15 16:20:31.560973	2026-05-15 16:20:31.560973
\.


--
-- Data for Name: payments; Type: TABLE DATA; Schema: public; Owner: -
--

COPY public.payments (id, invoice_id, paid_amount, paid_at, payment_method, transaction_ref, status, created_at) FROM stdin;
1	1	980.00	2026-05-02 10:00:00	CARD	TXN-PLP-0001	SUCCEEDED	2026-05-15 16:20:31.560415
\.


--
-- Data for Name: pet_care_records; Type: TABLE DATA; Schema: public; Owner: -
--

COPY public.pet_care_records (id, pet_id, recorded_by_user_id, care_type, administered_on, next_due_on, memo, deleted_at, created_at, updated_at) FROM stdin;
1	1	2	RABIES	2025-08-01	2026-08-01	狂犬病予防接種	\N	2026-05-18 12:45:55.22277	2026-05-18 12:45:55.22277
2	1	2	HEARTWORM	2025-07-15	2026-07-15	フィラリア予防薬	\N	2026-05-18 12:45:55.224423	2026-05-18 12:45:55.224423
3	1	2	COMBO_VACCINE	2025-09-01	2026-09-01	混合ワクチン接種	\N	2026-05-18 12:45:55.22486	2026-05-18 12:45:55.22486
4	3	2	RABIES	2026-05-18	2027-05-18	sequence test	\N	2026-05-18 13:49:01.305398	2026-05-18 13:49:01.305398
\.


--
-- Data for Name: pets; Type: TABLE DATA; Schema: public; Owner: -
--

COPY public.pets (id, owner_user_id, name, species, breed, sex, birth_date, weight_baseline_kg, deleted_at, created_at, updated_at, image_path) FROM stdin;
1	2	ポチ	DOG	柴犬	MALE	2021-03-01	8.50	\N	2026-05-15 16:20:31.553656	2026-05-15 16:20:31.553656	\N
3	3	レオ	DOG	トイプードル	MALE	2020-11-23	5.20	\N	2026-05-15 16:20:31.553656	2026-05-15 16:20:31.553656	\N
2	2	ミケ	DOG	雑種	FEMALE	2016-05-01	3.80	\N	2026-05-15 16:20:31.553656	2026-05-18 13:50:12.603188	\N
4	6	ライト犬	DOG	柴犬	MALE	2022-01-01	7.40	\N	2026-05-18 13:56:02.721237	2026-05-18 13:56:02.721237	\N
5	7	標準猫	CAT	雑種	FEMALE	2021-06-10	4.10	\N	2026-05-18 13:56:02.722966	2026-05-18 13:56:02.722966	\N
6	8	上位プー	DOG	トイプードル	MALE	2020-04-20	5.60	\N	2026-05-18 13:56:02.723741	2026-05-18 13:56:02.723741	\N
\.


--
-- Data for Name: plans; Type: TABLE DATA; Schema: public; Owner: -
--

COPY public.plans (id, name, monthly_fee, features_json, is_active, deleted_at, created_at, updated_at) FROM stdin;
1	LIGHT	980.00	{"healthRecord": true, "basicNotification": true}	t	\N	2026-05-15 16:20:31.558375	2026-05-18 15:54:22.885691
2	STANDARD	1980.00	{"healthRecord": true, "aiSymptomCheck": true, "consultationLead": true, "basicNotification": true}	t	\N	2026-05-15 16:20:31.558375	2026-05-18 15:54:22.885691
3	PREMIUM	2980.00	{"healthRecord": true, "aiSymptomCheck": true, "prioritySupport": true, "consultationLead": true, "basicNotification": true}	t	\N	2026-05-18 13:56:02.718806	2026-05-18 15:54:22.885691
\.


--
-- Data for Name: roles; Type: TABLE DATA; Schema: public; Owner: -
--

COPY public.roles (id, role_code, role_name, created_at, updated_at) FROM stdin;
1	ADMIN	管理者	2026-05-15 16:20:31.551536	2026-05-15 16:20:31.551536
2	USER	一般ユーザー	2026-05-15 16:20:31.551536	2026-05-15 16:20:31.551536
3	VET	獣医師	2026-05-15 16:20:31.551536	2026-05-15 16:20:31.551536
4	STAFF	スタッフ	2026-05-15 16:20:31.551536	2026-05-15 16:20:31.551536
\.


--
-- Data for Name: subscriptions; Type: TABLE DATA; Schema: public; Owner: -
--

COPY public.subscriptions (id, user_id, pet_id, plan_id, start_date, end_date, status, auto_renew, deleted_at, created_at, updated_at) FROM stdin;
3	6	4	1	2026-04-18	\N	ACTIVE	t	\N	2026-05-18 13:56:02.724305	2026-05-18 13:56:02.724305
4	7	5	2	2026-04-18	\N	ACTIVE	t	\N	2026-05-18 13:56:02.727584	2026-05-18 13:56:02.727584
5	8	6	3	2026-04-18	\N	ACTIVE	t	\N	2026-05-18 13:56:02.728249	2026-05-18 13:56:02.728249
1	2	1	1	2026-05-01	\N	ACTIVE	t	\N	2026-05-15 16:20:31.558906	2026-05-18 14:12:45.353067
2	2	2	1	2026-05-01	\N	ACTIVE	t	\N	2026-05-15 16:20:31.558906	2026-05-18 14:12:45.353067
\.


--
-- Data for Name: symptom_checks; Type: TABLE DATA; Schema: public; Owner: -
--

COPY public.symptom_checks (id, pet_id, requested_by_user_id, symptom_type, onset_text, memo, severity, recommendation, ai_model, created_at) FROM stdin;
1	2	2	VOMITING	今朝から	1回嘔吐	MEDIUM	CONSULT	gpt-4.1-mini	2026-05-15 16:20:31.555165
2	1	2	COUGH	昨日から	夜に咳	LOW	OBSERVE	gpt-4.1-mini	2026-05-15 16:20:31.555165
3	6	8	食欲低下	昨夜から	水も飲んでいない	MEDIUM	CONSULT	fallback-local	2026-05-18 15:07:09.439108
\.


--
-- Data for Name: users; Type: TABLE DATA; Schema: public; Owner: -
--

COPY public.users (id, role_id, name, email, password_hash, phone, status, last_login_at, deleted_at, created_at, updated_at) FROM stdin;
3	2	飼主 次郎	owner2@petlifeplus.local	$2a$10$XI94WLq6CrEp9WdjoZ0VX.8/jkmUVGX5.LOGgLizk9uWzx9LRyMZ6	090-3333-3333	ACTIVE	\N	\N	2026-05-15 16:20:31.552509	2026-05-18 15:54:23.309731
6	2	ライト会員	owner.light@petlifeplus.local	$2a$10$QAa5MsHqDtaNbfoPuVr/4ue4BScx.sz2PJwgKzgZKaRSUhVkM5vYG	090-6666-0001	ACTIVE	\N	\N	2026-05-18 13:55:36.270955	2026-05-18 15:54:23.431085
7	2	標準会員	owner.standard@petlifeplus.local	$2a$10$/kXzd0NoYgWnXIQpwUopUeuOJng97gqWXkUT2or.FYiEjuIzK84GC	090-6666-0002	ACTIVE	\N	\N	2026-05-18 13:55:36.400311	2026-05-18 15:54:23.552302
8	2	上位会員	owner.premium@petlifeplus.local	$2a$10$56uC5vuIVibxYLv.8llcDOhHYN1EwiugfVJ9qV0cgnKqJTTqd3l7u	090-6666-0003	ACTIVE	\N	\N	2026-05-18 13:55:36.522254	2026-05-18 15:54:23.674102
4	3	獣医 三郎	vet1@petlifeplus.local	$2a$10$E1GCdwByOxUK7CCSbjt42O5X61XKl5u5lHN7fRFbjfnk.mn5zOq1S	090-4444-4444	ACTIVE	\N	\N	2026-05-15 16:20:31.552509	2026-05-18 15:54:23.795664
5	4	受付 四郎	staff1@petlifeplus.local	$2a$10$4hmf/zPFW7mlLvSoTEJai.tjCpW39XrVH5PNJJ1IQhCVP3CwHEgZK	090-5555-5555	ACTIVE	\N	\N	2026-05-15 16:20:31.552509	2026-05-18 15:54:23.917484
1	1	管理 太郎	admin@petlifeplus.local	$2a$10$yHzmNfW4pebiI465yNwD5edy/nYBUjpa2qOYLYFKrnX4ybTPfJ2o2	090-1111-1111	ACTIVE	\N	\N	2026-05-15 16:20:31.552509	2026-05-18 15:54:23.067348
2	2	飼主 花子	owner1@petlifeplus.local	$2a$10$Ca8YbyDG0cVpB5Vhu.amWumtPO4HHq2DH94i5YFhbI8APolz2NEJe	090-2222-2222	ACTIVE	\N	\N	2026-05-15 16:20:31.552509	2026-05-18 15:54:23.188578
\.


--
-- Name: appointments_id_seq; Type: SEQUENCE SET; Schema: public; Owner: -
--

SELECT pg_catalog.setval('public.appointments_id_seq', 2, true);


--
-- Name: consult_chat_messages_id_seq; Type: SEQUENCE SET; Schema: public; Owner: -
--

SELECT pg_catalog.setval('public.consult_chat_messages_id_seq', 1, false);


--
-- Name: email_messages_id_seq; Type: SEQUENCE SET; Schema: public; Owner: -
--

SELECT pg_catalog.setval('public.email_messages_id_seq', 2, true);


--
-- Name: email_templates_id_seq; Type: SEQUENCE SET; Schema: public; Owner: -
--

SELECT pg_catalog.setval('public.email_templates_id_seq', 2, true);


--
-- Name: health_records_id_seq; Type: SEQUENCE SET; Schema: public; Owner: -
--

SELECT pg_catalog.setval('public.health_records_id_seq', 3, true);


--
-- Name: invoices_id_seq; Type: SEQUENCE SET; Schema: public; Owner: -
--

SELECT pg_catalog.setval('public.invoices_id_seq', 2, true);


--
-- Name: medical_attachments_id_seq; Type: SEQUENCE SET; Schema: public; Owner: -
--

SELECT pg_catalog.setval('public.medical_attachments_id_seq', 1, true);


--
-- Name: medical_histories_id_seq; Type: SEQUENCE SET; Schema: public; Owner: -
--

SELECT pg_catalog.setval('public.medical_histories_id_seq', 1, true);


--
-- Name: notifications_id_seq; Type: SEQUENCE SET; Schema: public; Owner: -
--

SELECT pg_catalog.setval('public.notifications_id_seq', 2, true);


--
-- Name: payments_id_seq; Type: SEQUENCE SET; Schema: public; Owner: -
--

SELECT pg_catalog.setval('public.payments_id_seq', 1, true);


--
-- Name: pet_care_records_id_seq; Type: SEQUENCE SET; Schema: public; Owner: -
--

SELECT pg_catalog.setval('public.pet_care_records_id_seq', 4, true);


--
-- Name: pets_id_seq; Type: SEQUENCE SET; Schema: public; Owner: -
--

SELECT pg_catalog.setval('public.pets_id_seq', 6, true);


--
-- Name: plans_id_seq; Type: SEQUENCE SET; Schema: public; Owner: -
--

SELECT pg_catalog.setval('public.plans_id_seq', 3, true);


--
-- Name: roles_id_seq; Type: SEQUENCE SET; Schema: public; Owner: -
--

SELECT pg_catalog.setval('public.roles_id_seq', 4, true);


--
-- Name: subscriptions_id_seq; Type: SEQUENCE SET; Schema: public; Owner: -
--

SELECT pg_catalog.setval('public.subscriptions_id_seq', 5, true);


--
-- Name: symptom_checks_id_seq; Type: SEQUENCE SET; Schema: public; Owner: -
--

SELECT pg_catalog.setval('public.symptom_checks_id_seq', 3, true);


--
-- Name: users_id_seq; Type: SEQUENCE SET; Schema: public; Owner: -
--

SELECT pg_catalog.setval('public.users_id_seq', 8, true);


--
-- Name: appointments appointments_pkey; Type: CONSTRAINT; Schema: public; Owner: -
--

ALTER TABLE ONLY public.appointments
    ADD CONSTRAINT appointments_pkey PRIMARY KEY (id);


--
-- Name: consult_chat_messages consult_chat_messages_pkey; Type: CONSTRAINT; Schema: public; Owner: -
--

ALTER TABLE ONLY public.consult_chat_messages
    ADD CONSTRAINT consult_chat_messages_pkey PRIMARY KEY (id);


--
-- Name: email_messages email_messages_pkey; Type: CONSTRAINT; Schema: public; Owner: -
--

ALTER TABLE ONLY public.email_messages
    ADD CONSTRAINT email_messages_pkey PRIMARY KEY (id);


--
-- Name: email_templates email_templates_pkey; Type: CONSTRAINT; Schema: public; Owner: -
--

ALTER TABLE ONLY public.email_templates
    ADD CONSTRAINT email_templates_pkey PRIMARY KEY (id);


--
-- Name: email_templates email_templates_template_code_key; Type: CONSTRAINT; Schema: public; Owner: -
--

ALTER TABLE ONLY public.email_templates
    ADD CONSTRAINT email_templates_template_code_key UNIQUE (template_code);


--
-- Name: health_records health_records_pkey; Type: CONSTRAINT; Schema: public; Owner: -
--

ALTER TABLE ONLY public.health_records
    ADD CONSTRAINT health_records_pkey PRIMARY KEY (id);


--
-- Name: invoices invoices_invoice_number_key; Type: CONSTRAINT; Schema: public; Owner: -
--

ALTER TABLE ONLY public.invoices
    ADD CONSTRAINT invoices_invoice_number_key UNIQUE (invoice_number);


--
-- Name: invoices invoices_pkey; Type: CONSTRAINT; Schema: public; Owner: -
--

ALTER TABLE ONLY public.invoices
    ADD CONSTRAINT invoices_pkey PRIMARY KEY (id);


--
-- Name: medical_attachments medical_attachments_pkey; Type: CONSTRAINT; Schema: public; Owner: -
--

ALTER TABLE ONLY public.medical_attachments
    ADD CONSTRAINT medical_attachments_pkey PRIMARY KEY (id);


--
-- Name: medical_histories medical_histories_appointment_id_key; Type: CONSTRAINT; Schema: public; Owner: -
--

ALTER TABLE ONLY public.medical_histories
    ADD CONSTRAINT medical_histories_appointment_id_key UNIQUE (appointment_id);


--
-- Name: medical_histories medical_histories_pkey; Type: CONSTRAINT; Schema: public; Owner: -
--

ALTER TABLE ONLY public.medical_histories
    ADD CONSTRAINT medical_histories_pkey PRIMARY KEY (id);


--
-- Name: notification_recipients notification_recipients_pkey; Type: CONSTRAINT; Schema: public; Owner: -
--

ALTER TABLE ONLY public.notification_recipients
    ADD CONSTRAINT notification_recipients_pkey PRIMARY KEY (notification_id, user_id);


--
-- Name: notifications notifications_pkey; Type: CONSTRAINT; Schema: public; Owner: -
--

ALTER TABLE ONLY public.notifications
    ADD CONSTRAINT notifications_pkey PRIMARY KEY (id);


--
-- Name: payments payments_pkey; Type: CONSTRAINT; Schema: public; Owner: -
--

ALTER TABLE ONLY public.payments
    ADD CONSTRAINT payments_pkey PRIMARY KEY (id);


--
-- Name: pet_care_records pet_care_records_pkey; Type: CONSTRAINT; Schema: public; Owner: -
--

ALTER TABLE ONLY public.pet_care_records
    ADD CONSTRAINT pet_care_records_pkey PRIMARY KEY (id);


--
-- Name: pets pets_pkey; Type: CONSTRAINT; Schema: public; Owner: -
--

ALTER TABLE ONLY public.pets
    ADD CONSTRAINT pets_pkey PRIMARY KEY (id);


--
-- Name: plans plans_pkey; Type: CONSTRAINT; Schema: public; Owner: -
--

ALTER TABLE ONLY public.plans
    ADD CONSTRAINT plans_pkey PRIMARY KEY (id);


--
-- Name: roles roles_pkey; Type: CONSTRAINT; Schema: public; Owner: -
--

ALTER TABLE ONLY public.roles
    ADD CONSTRAINT roles_pkey PRIMARY KEY (id);


--
-- Name: roles roles_role_code_key; Type: CONSTRAINT; Schema: public; Owner: -
--

ALTER TABLE ONLY public.roles
    ADD CONSTRAINT roles_role_code_key UNIQUE (role_code);


--
-- Name: subscriptions subscriptions_pkey; Type: CONSTRAINT; Schema: public; Owner: -
--

ALTER TABLE ONLY public.subscriptions
    ADD CONSTRAINT subscriptions_pkey PRIMARY KEY (id);


--
-- Name: symptom_checks symptom_checks_pkey; Type: CONSTRAINT; Schema: public; Owner: -
--

ALTER TABLE ONLY public.symptom_checks
    ADD CONSTRAINT symptom_checks_pkey PRIMARY KEY (id);


--
-- Name: users users_email_key; Type: CONSTRAINT; Schema: public; Owner: -
--

ALTER TABLE ONLY public.users
    ADD CONSTRAINT users_email_key UNIQUE (email);


--
-- Name: users users_pkey; Type: CONSTRAINT; Schema: public; Owner: -
--

ALTER TABLE ONLY public.users
    ADD CONSTRAINT users_pkey PRIMARY KEY (id);


--
-- Name: idx_appointments_owner_scheduled_at; Type: INDEX; Schema: public; Owner: -
--

CREATE INDEX idx_appointments_owner_scheduled_at ON public.appointments USING btree (owner_user_id, scheduled_at);


--
-- Name: idx_appointments_pet_scheduled_at; Type: INDEX; Schema: public; Owner: -
--

CREATE INDEX idx_appointments_pet_scheduled_at ON public.appointments USING btree (pet_id, scheduled_at);


--
-- Name: idx_appointments_staff_scheduled_at; Type: INDEX; Schema: public; Owner: -
--

CREATE INDEX idx_appointments_staff_scheduled_at ON public.appointments USING btree (staff_user_id, scheduled_at);


--
-- Name: idx_appointments_status_scheduled_at; Type: INDEX; Schema: public; Owner: -
--

CREATE INDEX idx_appointments_status_scheduled_at ON public.appointments USING btree (status, scheduled_at);


--
-- Name: idx_consult_chat_messages_user_id_created; Type: INDEX; Schema: public; Owner: -
--

CREATE INDEX idx_consult_chat_messages_user_id_created ON public.consult_chat_messages USING btree (user_id, created_at);


--
-- Name: idx_email_messages_recipient_created; Type: INDEX; Schema: public; Owner: -
--

CREATE INDEX idx_email_messages_recipient_created ON public.email_messages USING btree (recipient_user_id, created_at);


--
-- Name: idx_email_messages_status_send_timing; Type: INDEX; Schema: public; Owner: -
--

CREATE INDEX idx_email_messages_status_send_timing ON public.email_messages USING btree (status, send_timing_at);


--
-- Name: idx_email_messages_template_id; Type: INDEX; Schema: public; Owner: -
--

CREATE INDEX idx_email_messages_template_id ON public.email_messages USING btree (template_id);


--
-- Name: idx_health_records_pet_record_date; Type: INDEX; Schema: public; Owner: -
--

CREATE INDEX idx_health_records_pet_record_date ON public.health_records USING btree (pet_id, record_date);


--
-- Name: idx_health_records_recorded_by_user_id; Type: INDEX; Schema: public; Owner: -
--

CREATE INDEX idx_health_records_recorded_by_user_id ON public.health_records USING btree (recorded_by_user_id);


--
-- Name: idx_invoices_payment_status_due_date; Type: INDEX; Schema: public; Owner: -
--

CREATE INDEX idx_invoices_payment_status_due_date ON public.invoices USING btree (payment_status, due_date);


--
-- Name: idx_invoices_subscription_id; Type: INDEX; Schema: public; Owner: -
--

CREATE INDEX idx_invoices_subscription_id ON public.invoices USING btree (subscription_id);


--
-- Name: idx_medical_attachments_history_id; Type: INDEX; Schema: public; Owner: -
--

CREATE INDEX idx_medical_attachments_history_id ON public.medical_attachments USING btree (medical_history_id);


--
-- Name: idx_medical_histories_pet_performed_on; Type: INDEX; Schema: public; Owner: -
--

CREATE INDEX idx_medical_histories_pet_performed_on ON public.medical_histories USING btree (pet_id, performed_on);


--
-- Name: idx_notification_recipients_user_status; Type: INDEX; Schema: public; Owner: -
--

CREATE INDEX idx_notification_recipients_user_status ON public.notification_recipients USING btree (user_id, delivery_status);


--
-- Name: idx_notifications_created_by; Type: INDEX; Schema: public; Owner: -
--

CREATE INDEX idx_notifications_created_by ON public.notifications USING btree (created_by_user_id);


--
-- Name: idx_notifications_status_scheduled; Type: INDEX; Schema: public; Owner: -
--

CREATE INDEX idx_notifications_status_scheduled ON public.notifications USING btree (delivery_status, scheduled_at);


--
-- Name: idx_payments_invoice_id; Type: INDEX; Schema: public; Owner: -
--

CREATE INDEX idx_payments_invoice_id ON public.payments USING btree (invoice_id);


--
-- Name: idx_payments_status; Type: INDEX; Schema: public; Owner: -
--

CREATE INDEX idx_payments_status ON public.payments USING btree (status);


--
-- Name: idx_pet_care_records_pet_next_due; Type: INDEX; Schema: public; Owner: -
--

CREATE INDEX idx_pet_care_records_pet_next_due ON public.pet_care_records USING btree (pet_id, next_due_on);


--
-- Name: idx_pets_owner_user_id; Type: INDEX; Schema: public; Owner: -
--

CREATE INDEX idx_pets_owner_user_id ON public.pets USING btree (owner_user_id);


--
-- Name: idx_pets_species; Type: INDEX; Schema: public; Owner: -
--

CREATE INDEX idx_pets_species ON public.pets USING btree (species);


--
-- Name: idx_plans_is_active; Type: INDEX; Schema: public; Owner: -
--

CREATE INDEX idx_plans_is_active ON public.plans USING btree (is_active);


--
-- Name: idx_subscriptions_pet_status; Type: INDEX; Schema: public; Owner: -
--

CREATE INDEX idx_subscriptions_pet_status ON public.subscriptions USING btree (pet_id, status);


--
-- Name: idx_subscriptions_plan_id; Type: INDEX; Schema: public; Owner: -
--

CREATE INDEX idx_subscriptions_plan_id ON public.subscriptions USING btree (plan_id);


--
-- Name: idx_subscriptions_user_status; Type: INDEX; Schema: public; Owner: -
--

CREATE INDEX idx_subscriptions_user_status ON public.subscriptions USING btree (user_id, status);


--
-- Name: idx_symptom_checks_pet_created_at; Type: INDEX; Schema: public; Owner: -
--

CREATE INDEX idx_symptom_checks_pet_created_at ON public.symptom_checks USING btree (pet_id, created_at);


--
-- Name: idx_symptom_checks_requested_by_user_id; Type: INDEX; Schema: public; Owner: -
--

CREATE INDEX idx_symptom_checks_requested_by_user_id ON public.symptom_checks USING btree (requested_by_user_id);


--
-- Name: idx_users_role_id; Type: INDEX; Schema: public; Owner: -
--

CREATE INDEX idx_users_role_id ON public.users USING btree (role_id);


--
-- Name: idx_users_status_deleted_at; Type: INDEX; Schema: public; Owner: -
--

CREATE INDEX idx_users_status_deleted_at ON public.users USING btree (status, deleted_at);


--
-- Name: appointments appointments_owner_user_id_fkey; Type: FK CONSTRAINT; Schema: public; Owner: -
--

ALTER TABLE ONLY public.appointments
    ADD CONSTRAINT appointments_owner_user_id_fkey FOREIGN KEY (owner_user_id) REFERENCES public.users(id);


--
-- Name: appointments appointments_pet_id_fkey; Type: FK CONSTRAINT; Schema: public; Owner: -
--

ALTER TABLE ONLY public.appointments
    ADD CONSTRAINT appointments_pet_id_fkey FOREIGN KEY (pet_id) REFERENCES public.pets(id);


--
-- Name: appointments appointments_staff_user_id_fkey; Type: FK CONSTRAINT; Schema: public; Owner: -
--

ALTER TABLE ONLY public.appointments
    ADD CONSTRAINT appointments_staff_user_id_fkey FOREIGN KEY (staff_user_id) REFERENCES public.users(id);


--
-- Name: consult_chat_messages consult_chat_messages_user_id_fkey; Type: FK CONSTRAINT; Schema: public; Owner: -
--

ALTER TABLE ONLY public.consult_chat_messages
    ADD CONSTRAINT consult_chat_messages_user_id_fkey FOREIGN KEY (user_id) REFERENCES public.users(id);


--
-- Name: email_messages email_messages_appointment_id_fkey; Type: FK CONSTRAINT; Schema: public; Owner: -
--

ALTER TABLE ONLY public.email_messages
    ADD CONSTRAINT email_messages_appointment_id_fkey FOREIGN KEY (appointment_id) REFERENCES public.appointments(id);


--
-- Name: email_messages email_messages_invoice_id_fkey; Type: FK CONSTRAINT; Schema: public; Owner: -
--

ALTER TABLE ONLY public.email_messages
    ADD CONSTRAINT email_messages_invoice_id_fkey FOREIGN KEY (invoice_id) REFERENCES public.invoices(id);


--
-- Name: email_messages email_messages_pet_id_fkey; Type: FK CONSTRAINT; Schema: public; Owner: -
--

ALTER TABLE ONLY public.email_messages
    ADD CONSTRAINT email_messages_pet_id_fkey FOREIGN KEY (pet_id) REFERENCES public.pets(id);


--
-- Name: email_messages email_messages_recipient_user_id_fkey; Type: FK CONSTRAINT; Schema: public; Owner: -
--

ALTER TABLE ONLY public.email_messages
    ADD CONSTRAINT email_messages_recipient_user_id_fkey FOREIGN KEY (recipient_user_id) REFERENCES public.users(id);


--
-- Name: email_messages email_messages_template_id_fkey; Type: FK CONSTRAINT; Schema: public; Owner: -
--

ALTER TABLE ONLY public.email_messages
    ADD CONSTRAINT email_messages_template_id_fkey FOREIGN KEY (template_id) REFERENCES public.email_templates(id);


--
-- Name: health_records health_records_pet_id_fkey; Type: FK CONSTRAINT; Schema: public; Owner: -
--

ALTER TABLE ONLY public.health_records
    ADD CONSTRAINT health_records_pet_id_fkey FOREIGN KEY (pet_id) REFERENCES public.pets(id);


--
-- Name: health_records health_records_recorded_by_user_id_fkey; Type: FK CONSTRAINT; Schema: public; Owner: -
--

ALTER TABLE ONLY public.health_records
    ADD CONSTRAINT health_records_recorded_by_user_id_fkey FOREIGN KEY (recorded_by_user_id) REFERENCES public.users(id);


--
-- Name: invoices invoices_subscription_id_fkey; Type: FK CONSTRAINT; Schema: public; Owner: -
--

ALTER TABLE ONLY public.invoices
    ADD CONSTRAINT invoices_subscription_id_fkey FOREIGN KEY (subscription_id) REFERENCES public.subscriptions(id);


--
-- Name: medical_attachments medical_attachments_medical_history_id_fkey; Type: FK CONSTRAINT; Schema: public; Owner: -
--

ALTER TABLE ONLY public.medical_attachments
    ADD CONSTRAINT medical_attachments_medical_history_id_fkey FOREIGN KEY (medical_history_id) REFERENCES public.medical_histories(id);


--
-- Name: medical_histories medical_histories_appointment_id_fkey; Type: FK CONSTRAINT; Schema: public; Owner: -
--

ALTER TABLE ONLY public.medical_histories
    ADD CONSTRAINT medical_histories_appointment_id_fkey FOREIGN KEY (appointment_id) REFERENCES public.appointments(id);


--
-- Name: medical_histories medical_histories_handled_by_user_id_fkey; Type: FK CONSTRAINT; Schema: public; Owner: -
--

ALTER TABLE ONLY public.medical_histories
    ADD CONSTRAINT medical_histories_handled_by_user_id_fkey FOREIGN KEY (handled_by_user_id) REFERENCES public.users(id);


--
-- Name: medical_histories medical_histories_pet_id_fkey; Type: FK CONSTRAINT; Schema: public; Owner: -
--

ALTER TABLE ONLY public.medical_histories
    ADD CONSTRAINT medical_histories_pet_id_fkey FOREIGN KEY (pet_id) REFERENCES public.pets(id);


--
-- Name: notification_recipients notification_recipients_notification_id_fkey; Type: FK CONSTRAINT; Schema: public; Owner: -
--

ALTER TABLE ONLY public.notification_recipients
    ADD CONSTRAINT notification_recipients_notification_id_fkey FOREIGN KEY (notification_id) REFERENCES public.notifications(id);


--
-- Name: notification_recipients notification_recipients_user_id_fkey; Type: FK CONSTRAINT; Schema: public; Owner: -
--

ALTER TABLE ONLY public.notification_recipients
    ADD CONSTRAINT notification_recipients_user_id_fkey FOREIGN KEY (user_id) REFERENCES public.users(id);


--
-- Name: notifications notifications_created_by_user_id_fkey; Type: FK CONSTRAINT; Schema: public; Owner: -
--

ALTER TABLE ONLY public.notifications
    ADD CONSTRAINT notifications_created_by_user_id_fkey FOREIGN KEY (created_by_user_id) REFERENCES public.users(id);


--
-- Name: payments payments_invoice_id_fkey; Type: FK CONSTRAINT; Schema: public; Owner: -
--

ALTER TABLE ONLY public.payments
    ADD CONSTRAINT payments_invoice_id_fkey FOREIGN KEY (invoice_id) REFERENCES public.invoices(id);


--
-- Name: pet_care_records pet_care_records_pet_id_fkey; Type: FK CONSTRAINT; Schema: public; Owner: -
--

ALTER TABLE ONLY public.pet_care_records
    ADD CONSTRAINT pet_care_records_pet_id_fkey FOREIGN KEY (pet_id) REFERENCES public.pets(id);


--
-- Name: pet_care_records pet_care_records_recorded_by_user_id_fkey; Type: FK CONSTRAINT; Schema: public; Owner: -
--

ALTER TABLE ONLY public.pet_care_records
    ADD CONSTRAINT pet_care_records_recorded_by_user_id_fkey FOREIGN KEY (recorded_by_user_id) REFERENCES public.users(id);


--
-- Name: pets pets_owner_user_id_fkey; Type: FK CONSTRAINT; Schema: public; Owner: -
--

ALTER TABLE ONLY public.pets
    ADD CONSTRAINT pets_owner_user_id_fkey FOREIGN KEY (owner_user_id) REFERENCES public.users(id);


--
-- Name: subscriptions subscriptions_pet_id_fkey; Type: FK CONSTRAINT; Schema: public; Owner: -
--

ALTER TABLE ONLY public.subscriptions
    ADD CONSTRAINT subscriptions_pet_id_fkey FOREIGN KEY (pet_id) REFERENCES public.pets(id);


--
-- Name: subscriptions subscriptions_plan_id_fkey; Type: FK CONSTRAINT; Schema: public; Owner: -
--

ALTER TABLE ONLY public.subscriptions
    ADD CONSTRAINT subscriptions_plan_id_fkey FOREIGN KEY (plan_id) REFERENCES public.plans(id);


--
-- Name: subscriptions subscriptions_user_id_fkey; Type: FK CONSTRAINT; Schema: public; Owner: -
--

ALTER TABLE ONLY public.subscriptions
    ADD CONSTRAINT subscriptions_user_id_fkey FOREIGN KEY (user_id) REFERENCES public.users(id);


--
-- Name: symptom_checks symptom_checks_pet_id_fkey; Type: FK CONSTRAINT; Schema: public; Owner: -
--

ALTER TABLE ONLY public.symptom_checks
    ADD CONSTRAINT symptom_checks_pet_id_fkey FOREIGN KEY (pet_id) REFERENCES public.pets(id);


--
-- Name: symptom_checks symptom_checks_requested_by_user_id_fkey; Type: FK CONSTRAINT; Schema: public; Owner: -
--

ALTER TABLE ONLY public.symptom_checks
    ADD CONSTRAINT symptom_checks_requested_by_user_id_fkey FOREIGN KEY (requested_by_user_id) REFERENCES public.users(id);


--
-- Name: users users_role_id_fkey; Type: FK CONSTRAINT; Schema: public; Owner: -
--

ALTER TABLE ONLY public.users
    ADD CONSTRAINT users_role_id_fkey FOREIGN KEY (role_id) REFERENCES public.roles(id);


--
-- PostgreSQL database dump complete
--

\unrestrict zXCQV3RWoK9QJruOcjSPcOIfuAquiC5W3kW9qo9b14h1SyhWs7qE5ct8DV4Gcwr

