--
-- PostgreSQL database dump
--


-- Dumped from database version 17.10
-- Dumped by pg_dump version 17.10

SET statement_timeout = 0;
SET lock_timeout = 0;
SET idle_in_transaction_session_timeout = 0;
SET transaction_timeout = 0;
SET client_encoding = 'UTF8';
SET standard_conforming_strings = on;
SELECT pg_catalog.set_config('search_path', '', false);
SET check_function_bodies = false;
SET xmloption = content;
SET client_min_messages = warning;
SET row_security = off;

--
-- Name: pgcrypto; Type: EXTENSION; Schema: -; Owner: -
--

CREATE EXTENSION IF NOT EXISTS pgcrypto WITH SCHEMA public;


--
-- Name: EXTENSION pgcrypto; Type: COMMENT; Schema: -; Owner: -
--

COMMENT ON EXTENSION pgcrypto IS 'cryptographic functions';

SET default_tablespace = '';

SET default_table_access_method = heap;

--
-- Name: announcements; Type: TABLE; Schema: public; Owner: -
--

CREATE TABLE public.announcements (
    id bigint NOT NULL,
    title character varying(200) NOT NULL,
    body text NOT NULL,
    is_active boolean DEFAULT true NOT NULL,
    created_by_user_id bigint NOT NULL,
    created_at timestamp without time zone DEFAULT CURRENT_TIMESTAMP NOT NULL,
    updated_at timestamp without time zone DEFAULT CURRENT_TIMESTAMP NOT NULL
);


--
-- Name: announcements_id_seq; Type: SEQUENCE; Schema: public; Owner: -
--

ALTER TABLE public.announcements ALTER COLUMN id ADD GENERATED BY DEFAULT AS IDENTITY (
    SEQUENCE NAME public.announcements_id_seq
    START WITH 1
    INCREMENT BY 1
    NO MINVALUE
    NO MAXVALUE
    CACHE 1
);


--
-- Name: appointment_slots; Type: TABLE; Schema: public; Owner: -
--

CREATE TABLE public.appointment_slots (
    id bigint NOT NULL,
    slot_datetime timestamp without time zone NOT NULL,
    note character varying(200),
    created_by_user_id bigint NOT NULL,
    deleted_at timestamp without time zone,
    created_at timestamp without time zone DEFAULT CURRENT_TIMESTAMP NOT NULL
);


--
-- Name: appointment_slots_id_seq; Type: SEQUENCE; Schema: public; Owner: -
--

ALTER TABLE public.appointment_slots ALTER COLUMN id ADD GENERATED BY DEFAULT AS IDENTITY (
    SEQUENCE NAME public.appointment_slots_id_seq
    START WITH 1
    INCREMENT BY 1
    NO MINVALUE
    NO MAXVALUE
    CACHE 1
);


--
-- Name: appointments; Type: TABLE; Schema: public; Owner: -
--

CREATE TABLE public.appointments (
    id bigint NOT NULL,
    pet_id bigint NOT NULL,
    owner_user_id bigint NOT NULL,
    staff_user_id bigint,
    appointment_type character varying(20) NOT NULL,
    channel character varying(20) NOT NULL,
    scheduled_at timestamp without time zone NOT NULL,
    status character varying(20) NOT NULL,
    zoom_join_url character varying(500),
    note character varying(500),
    slot_id bigint,
    deleted_at timestamp without time zone,
    created_at timestamp without time zone DEFAULT CURRENT_TIMESTAMP NOT NULL,
    updated_at timestamp without time zone DEFAULT CURRENT_TIMESTAMP NOT NULL,
    CONSTRAINT appointments_appointment_type_check CHECK (((appointment_type)::text = ANY ((ARRAY['CONSULTATION'::character varying, 'MEDICAL'::character varying])::text[]))),
    CONSTRAINT appointments_channel_check CHECK (((channel)::text = ANY ((ARRAY['ONLINE'::character varying, 'VISIT'::character varying, 'HOSPITAL'::character varying])::text[]))),
    CONSTRAINT appointments_status_check CHECK (((status)::text = ANY ((ARRAY['REQUESTED'::character varying, 'CONFIRMED'::character varying, 'CANCELED'::character varying, 'COMPLETED'::character varying])::text[])))
);


--
-- Name: appointments_id_seq; Type: SEQUENCE; Schema: public; Owner: -
--

ALTER TABLE public.appointments ALTER COLUMN id ADD GENERATED BY DEFAULT AS IDENTITY (
    SEQUENCE NAME public.appointments_id_seq
    START WITH 1
    INCREMENT BY 1
    NO MINVALUE
    NO MAXVALUE
    CACHE 1
);


--
-- Name: consult_chat_messages; Type: TABLE; Schema: public; Owner: -
--

CREATE TABLE public.consult_chat_messages (
    id bigint NOT NULL,
    user_id bigint NOT NULL,
    sender_type character varying(10) NOT NULL,
    message character varying(1000) NOT NULL,
    created_at timestamp without time zone DEFAULT CURRENT_TIMESTAMP NOT NULL,
    CONSTRAINT consult_chat_messages_sender_type_check CHECK (((sender_type)::text = ANY ((ARRAY['USER'::character varying, 'BOT'::character varying])::text[])))
);


--
-- Name: consult_chat_messages_id_seq; Type: SEQUENCE; Schema: public; Owner: -
--

ALTER TABLE public.consult_chat_messages ALTER COLUMN id ADD GENERATED BY DEFAULT AS IDENTITY (
    SEQUENCE NAME public.consult_chat_messages_id_seq
    START WITH 1
    INCREMENT BY 1
    NO MINVALUE
    NO MAXVALUE
    CACHE 1
);


--
-- Name: dismissed_reminders; Type: TABLE; Schema: public; Owner: -
--

CREATE TABLE public.dismissed_reminders (
    id bigint NOT NULL,
    user_id bigint NOT NULL,
    reminder_key character varying(200) NOT NULL,
    dismissed_at timestamp without time zone DEFAULT CURRENT_TIMESTAMP NOT NULL
);


--
-- Name: dismissed_reminders_id_seq; Type: SEQUENCE; Schema: public; Owner: -
--

ALTER TABLE public.dismissed_reminders ALTER COLUMN id ADD GENERATED BY DEFAULT AS IDENTITY (
    SEQUENCE NAME public.dismissed_reminders_id_seq
    START WITH 1
    INCREMENT BY 1
    NO MINVALUE
    NO MAXVALUE
    CACHE 1
);


--
-- Name: email_messages; Type: TABLE; Schema: public; Owner: -
--

CREATE TABLE public.email_messages (
    id bigint NOT NULL,
    template_id bigint NOT NULL,
    recipient_user_id bigint NOT NULL,
    pet_id bigint,
    appointment_id bigint,
    invoice_id bigint,
    subject character varying(200) NOT NULL,
    body text NOT NULL,
    send_timing_at timestamp without time zone,
    status character varying(20) NOT NULL,
    error_message text,
    created_at timestamp without time zone DEFAULT CURRENT_TIMESTAMP NOT NULL,
    sent_at timestamp without time zone,
    CONSTRAINT email_messages_status_check CHECK (((status)::text = ANY ((ARRAY['QUEUED'::character varying, 'SENT'::character varying, 'FAILED'::character varying])::text[])))
);


--
-- Name: email_messages_id_seq; Type: SEQUENCE; Schema: public; Owner: -
--

ALTER TABLE public.email_messages ALTER COLUMN id ADD GENERATED BY DEFAULT AS IDENTITY (
    SEQUENCE NAME public.email_messages_id_seq
    START WITH 1
    INCREMENT BY 1
    NO MINVALUE
    NO MAXVALUE
    CACHE 1
);


--
-- Name: email_templates; Type: TABLE; Schema: public; Owner: -
--

CREATE TABLE public.email_templates (
    id bigint NOT NULL,
    template_code character varying(100) NOT NULL,
    subject_template character varying(200) NOT NULL,
    body_template text NOT NULL,
    is_active boolean DEFAULT true NOT NULL,
    created_at timestamp without time zone DEFAULT CURRENT_TIMESTAMP NOT NULL,
    updated_at timestamp without time zone DEFAULT CURRENT_TIMESTAMP NOT NULL
);


--
-- Name: email_templates_id_seq; Type: SEQUENCE; Schema: public; Owner: -
--

ALTER TABLE public.email_templates ALTER COLUMN id ADD GENERATED BY DEFAULT AS IDENTITY (
    SEQUENCE NAME public.email_templates_id_seq
    START WITH 1
    INCREMENT BY 1
    NO MINVALUE
    NO MAXVALUE
    CACHE 1
);


--
-- Name: health_records; Type: TABLE; Schema: public; Owner: -
--

CREATE TABLE public.health_records (
    id bigint NOT NULL,
    pet_id bigint NOT NULL,
    recorded_by_user_id bigint NOT NULL,
    record_date date NOT NULL,
    weight_kg numeric(5,2),
    meal_memo character varying(300),
    exercise_minutes integer,
    meal_score integer,
    exercise_score integer,
    sleep_score integer,
    mood_score integer,
    overall_score integer,
    image_path character varying(500),
    note text,
    deleted_at timestamp without time zone,
    created_at timestamp without time zone DEFAULT CURRENT_TIMESTAMP NOT NULL,
    updated_at timestamp without time zone DEFAULT CURRENT_TIMESTAMP NOT NULL,
    CONSTRAINT health_records_exercise_score_check CHECK (((exercise_score >= 1) AND (exercise_score <= 5))),
    CONSTRAINT health_records_meal_score_check CHECK (((meal_score >= 1) AND (meal_score <= 5))),
    CONSTRAINT health_records_mood_score_check CHECK (((mood_score >= 1) AND (mood_score <= 5))),
    CONSTRAINT health_records_overall_score_check CHECK (((overall_score >= 1) AND (overall_score <= 5))),
    CONSTRAINT health_records_sleep_score_check CHECK (((sleep_score >= 1) AND (sleep_score <= 5)))
);


--
-- Name: health_records_id_seq; Type: SEQUENCE; Schema: public; Owner: -
--

ALTER TABLE public.health_records ALTER COLUMN id ADD GENERATED BY DEFAULT AS IDENTITY (
    SEQUENCE NAME public.health_records_id_seq
    START WITH 1
    INCREMENT BY 1
    NO MINVALUE
    NO MAXVALUE
    CACHE 1
);


--
-- Name: invoices; Type: TABLE; Schema: public; Owner: -
--

CREATE TABLE public.invoices (
    id bigint NOT NULL,
    subscription_id bigint NOT NULL,
    invoice_number character varying(50) NOT NULL,
    invoice_date date NOT NULL,
    due_date date NOT NULL,
    amount numeric(10,2) NOT NULL,
    payment_status character varying(20) NOT NULL,
    issued_at timestamp without time zone,
    paid_at timestamp without time zone,
    deleted_at timestamp without time zone,
    created_at timestamp without time zone DEFAULT CURRENT_TIMESTAMP NOT NULL,
    updated_at timestamp without time zone DEFAULT CURRENT_TIMESTAMP NOT NULL,
    CONSTRAINT invoices_payment_status_check CHECK (((payment_status)::text = ANY ((ARRAY['UNPAID'::character varying, 'PARTIAL'::character varying, 'PAID'::character varying])::text[])))
);


--
-- Name: invoices_id_seq; Type: SEQUENCE; Schema: public; Owner: -
--

ALTER TABLE public.invoices ALTER COLUMN id ADD GENERATED BY DEFAULT AS IDENTITY (
    SEQUENCE NAME public.invoices_id_seq
    START WITH 1
    INCREMENT BY 1
    NO MINVALUE
    NO MAXVALUE
    CACHE 1
);


--
-- Name: medical_attachments; Type: TABLE; Schema: public; Owner: -
--

CREATE TABLE public.medical_attachments (
    id bigint NOT NULL,
    medical_history_id bigint NOT NULL,
    file_name character varying(255) NOT NULL,
    file_path character varying(500) NOT NULL,
    file_mime_type character varying(100) NOT NULL,
    file_size_bytes bigint NOT NULL,
    description character varying(200),
    uploaded_at timestamp without time zone DEFAULT CURRENT_TIMESTAMP NOT NULL,
    deleted_at timestamp without time zone,
    created_at timestamp without time zone DEFAULT CURRENT_TIMESTAMP NOT NULL,
    updated_at timestamp without time zone DEFAULT CURRENT_TIMESTAMP NOT NULL
);


--
-- Name: medical_attachments_id_seq; Type: SEQUENCE; Schema: public; Owner: -
--

ALTER TABLE public.medical_attachments ALTER COLUMN id ADD GENERATED BY DEFAULT AS IDENTITY (
    SEQUENCE NAME public.medical_attachments_id_seq
    START WITH 1
    INCREMENT BY 1
    NO MINVALUE
    NO MAXVALUE
    CACHE 1
);


--
-- Name: medical_histories; Type: TABLE; Schema: public; Owner: -
--

CREATE TABLE public.medical_histories (
    id bigint NOT NULL,
    pet_id bigint NOT NULL,
    appointment_id bigint,
    handled_by_user_id bigint NOT NULL,
    performed_on date NOT NULL,
    treatment_detail character varying(1000) NOT NULL,
    diagnosis character varying(1000),
    prescription character varying(1000),
    deleted_at timestamp without time zone,
    created_at timestamp without time zone DEFAULT CURRENT_TIMESTAMP NOT NULL,
    updated_at timestamp without time zone DEFAULT CURRENT_TIMESTAMP NOT NULL
);


--
-- Name: medical_histories_id_seq; Type: SEQUENCE; Schema: public; Owner: -
--

ALTER TABLE public.medical_histories ALTER COLUMN id ADD GENERATED BY DEFAULT AS IDENTITY (
    SEQUENCE NAME public.medical_histories_id_seq
    START WITH 1
    INCREMENT BY 1
    NO MINVALUE
    NO MAXVALUE
    CACHE 1
);


--
-- Name: notification_recipients; Type: TABLE; Schema: public; Owner: -
--

CREATE TABLE public.notification_recipients (
    notification_id bigint NOT NULL,
    user_id bigint NOT NULL,
    read_at timestamp without time zone,
    delivery_status character varying(20) NOT NULL,
    CONSTRAINT notification_recipients_delivery_status_check CHECK (((delivery_status)::text = ANY ((ARRAY['PENDING'::character varying, 'SENT'::character varying, 'FAILED'::character varying])::text[])))
);


--
-- Name: notifications; Type: TABLE; Schema: public; Owner: -
--

CREATE TABLE public.notifications (
    id bigint NOT NULL,
    notification_type character varying(20) NOT NULL,
    title character varying(100) NOT NULL,
    body character varying(2000) NOT NULL,
    scheduled_at timestamp without time zone,
    sent_at timestamp without time zone,
    delivery_status character varying(20) NOT NULL,
    created_by_user_id bigint NOT NULL,
    deleted_at timestamp without time zone,
    created_at timestamp without time zone DEFAULT CURRENT_TIMESTAMP NOT NULL,
    updated_at timestamp without time zone DEFAULT CURRENT_TIMESTAMP NOT NULL,
    CONSTRAINT notifications_delivery_status_check CHECK (((delivery_status)::text = ANY ((ARRAY['DRAFT'::character varying, 'SCHEDULED'::character varying, 'SENT'::character varying, 'FAILED'::character varying])::text[]))),
    CONSTRAINT notifications_notification_type_check CHECK (((notification_type)::text = ANY ((ARRAY['REMINDER'::character varying, 'INFO'::character varying, 'ALERT'::character varying])::text[])))
);


--
-- Name: notifications_id_seq; Type: SEQUENCE; Schema: public; Owner: -
--

ALTER TABLE public.notifications ALTER COLUMN id ADD GENERATED BY DEFAULT AS IDENTITY (
    SEQUENCE NAME public.notifications_id_seq
    START WITH 1
    INCREMENT BY 1
    NO MINVALUE
    NO MAXVALUE
    CACHE 1
);


--
-- Name: password_reset_tokens; Type: TABLE; Schema: public; Owner: -
--

CREATE TABLE public.password_reset_tokens (
    id bigint NOT NULL,
    user_id bigint NOT NULL,
    token character varying(100) NOT NULL,
    expires_at timestamp without time zone NOT NULL,
    used_at timestamp without time zone,
    created_at timestamp without time zone DEFAULT CURRENT_TIMESTAMP NOT NULL
);


--
-- Name: password_reset_tokens_id_seq; Type: SEQUENCE; Schema: public; Owner: -
--

ALTER TABLE public.password_reset_tokens ALTER COLUMN id ADD GENERATED BY DEFAULT AS IDENTITY (
    SEQUENCE NAME public.password_reset_tokens_id_seq
    START WITH 1
    INCREMENT BY 1
    NO MINVALUE
    NO MAXVALUE
    CACHE 1
);


--
-- Name: payments; Type: TABLE; Schema: public; Owner: -
--

CREATE TABLE public.payments (
    id bigint NOT NULL,
    invoice_id bigint NOT NULL,
    paid_amount numeric(10,2) NOT NULL,
    paid_at timestamp without time zone,
    payment_method character varying(20) NOT NULL,
    transaction_ref character varying(100),
    status character varying(20) NOT NULL,
    created_at timestamp without time zone DEFAULT CURRENT_TIMESTAMP NOT NULL,
    CONSTRAINT payments_payment_method_check CHECK (((payment_method)::text = ANY ((ARRAY['CARD'::character varying, 'BANK'::character varying, 'OTHER'::character varying])::text[]))),
    CONSTRAINT payments_status_check CHECK (((status)::text = ANY ((ARRAY['PENDING'::character varying, 'SUCCEEDED'::character varying, 'FAILED'::character varying])::text[])))
);


--
-- Name: payments_id_seq; Type: SEQUENCE; Schema: public; Owner: -
--

ALTER TABLE public.payments ALTER COLUMN id ADD GENERATED BY DEFAULT AS IDENTITY (
    SEQUENCE NAME public.payments_id_seq
    START WITH 1
    INCREMENT BY 1
    NO MINVALUE
    NO MAXVALUE
    CACHE 1
);


--
-- Name: pet_calendar_marks; Type: TABLE; Schema: public; Owner: -
--

CREATE TABLE public.pet_calendar_marks (
    id bigint NOT NULL,
    pet_id bigint NOT NULL,
    created_by_user_id bigint NOT NULL,
    mark_date date NOT NULL,
    mark_type character varying(20) NOT NULL,
    memo character varying(500),
    deleted_at timestamp without time zone,
    created_at timestamp without time zone DEFAULT CURRENT_TIMESTAMP NOT NULL,
    updated_at timestamp without time zone DEFAULT CURRENT_TIMESTAMP NOT NULL,
    CONSTRAINT pet_calendar_marks_mark_type_check CHECK (((mark_type)::text = ANY ((ARRAY['KARTE'::character varying, 'VACCINE'::character varying, 'HOSPITAL'::character varying, 'TRIMMING'::character varying, 'DOG_RUN'::character varying, 'MEDICINE'::character varying])::text[])))
);


--
-- Name: pet_calendar_marks_id_seq; Type: SEQUENCE; Schema: public; Owner: -
--

ALTER TABLE public.pet_calendar_marks ALTER COLUMN id ADD GENERATED BY DEFAULT AS IDENTITY (
    SEQUENCE NAME public.pet_calendar_marks_id_seq
    START WITH 1
    INCREMENT BY 1
    NO MINVALUE
    NO MAXVALUE
    CACHE 1
);


--
-- Name: pet_care_records; Type: TABLE; Schema: public; Owner: -
--

CREATE TABLE public.pet_care_records (
    id bigint NOT NULL,
    pet_id bigint NOT NULL,
    recorded_by_user_id bigint NOT NULL,
    care_type character varying(30) NOT NULL,
    administered_on date NOT NULL,
    next_due_on date NOT NULL,
    memo character varying(500),
    deleted_at timestamp without time zone,
    created_at timestamp without time zone DEFAULT CURRENT_TIMESTAMP NOT NULL,
    updated_at timestamp without time zone DEFAULT CURRENT_TIMESTAMP NOT NULL,
    CONSTRAINT pet_care_records_care_type_check CHECK (((care_type)::text = ANY ((ARRAY['RABIES'::character varying, 'HEARTWORM'::character varying, 'COMBO_VACCINE'::character varying, 'MEDICAL_VISIT'::character varying, 'OTHER'::character varying])::text[])))
);


--
-- Name: pet_care_records_id_seq; Type: SEQUENCE; Schema: public; Owner: -
--

ALTER TABLE public.pet_care_records ALTER COLUMN id ADD GENERATED BY DEFAULT AS IDENTITY (
    SEQUENCE NAME public.pet_care_records_id_seq
    START WITH 1
    INCREMENT BY 1
    NO MINVALUE
    NO MAXVALUE
    CACHE 1
);


--
-- Name: pets; Type: TABLE; Schema: public; Owner: -
--

CREATE TABLE public.pets (
    id bigint NOT NULL,
    owner_user_id bigint NOT NULL,
    name character varying(40) NOT NULL,
    species character varying(30) NOT NULL,
    breed character varying(100),
    sex character varying(10),
    birth_date date,
    weight_baseline_kg numeric(5,2),
    image_path character varying(500),
    deceased_at timestamp without time zone,
    deleted_at timestamp without time zone,
    created_at timestamp without time zone DEFAULT CURRENT_TIMESTAMP NOT NULL,
    updated_at timestamp without time zone DEFAULT CURRENT_TIMESTAMP NOT NULL
);


--
-- Name: pets_id_seq; Type: SEQUENCE; Schema: public; Owner: -
--

ALTER TABLE public.pets ALTER COLUMN id ADD GENERATED BY DEFAULT AS IDENTITY (
    SEQUENCE NAME public.pets_id_seq
    START WITH 1
    INCREMENT BY 1
    NO MINVALUE
    NO MAXVALUE
    CACHE 1
);


--
-- Name: plan_features; Type: TABLE; Schema: public; Owner: -
--

CREATE TABLE public.plan_features (
    plan_id bigint NOT NULL,
    feature_code character varying(50) NOT NULL
);


--
-- Name: plans; Type: TABLE; Schema: public; Owner: -
--

CREATE TABLE public.plans (
    id bigint NOT NULL,
    name character varying(100) NOT NULL,
    monthly_fee numeric(10,2) NOT NULL,
    features_json jsonb,
    is_active boolean DEFAULT true NOT NULL,
    deleted_at timestamp without time zone,
    created_at timestamp without time zone DEFAULT CURRENT_TIMESTAMP NOT NULL,
    updated_at timestamp without time zone DEFAULT CURRENT_TIMESTAMP NOT NULL
);


--
-- Name: plans_id_seq; Type: SEQUENCE; Schema: public; Owner: -
--

ALTER TABLE public.plans ALTER COLUMN id ADD GENERATED BY DEFAULT AS IDENTITY (
    SEQUENCE NAME public.plans_id_seq
    START WITH 1
    INCREMENT BY 1
    NO MINVALUE
    NO MAXVALUE
    CACHE 1
);


--
-- Name: roles; Type: TABLE; Schema: public; Owner: -
--

CREATE TABLE public.roles (
    id bigint NOT NULL,
    role_code character varying(50) NOT NULL,
    role_name character varying(100) NOT NULL,
    created_at timestamp without time zone DEFAULT CURRENT_TIMESTAMP NOT NULL,
    updated_at timestamp without time zone DEFAULT CURRENT_TIMESTAMP NOT NULL
);


--
-- Name: roles_id_seq; Type: SEQUENCE; Schema: public; Owner: -
--

ALTER TABLE public.roles ALTER COLUMN id ADD GENERATED BY DEFAULT AS IDENTITY (
    SEQUENCE NAME public.roles_id_seq
    START WITH 1
    INCREMENT BY 1
    NO MINVALUE
    NO MAXVALUE
    CACHE 1
);


--
-- Name: subscriptions; Type: TABLE; Schema: public; Owner: -
--

CREATE TABLE public.subscriptions (
    id bigint NOT NULL,
    user_id bigint NOT NULL,
    pet_id bigint NOT NULL,
    plan_id bigint NOT NULL,
    start_date date NOT NULL,
    end_date date,
    status character varying(20) NOT NULL,
    auto_renew boolean DEFAULT true NOT NULL,
    deleted_at timestamp without time zone,
    created_at timestamp without time zone DEFAULT CURRENT_TIMESTAMP NOT NULL,
    updated_at timestamp without time zone DEFAULT CURRENT_TIMESTAMP NOT NULL,
    CONSTRAINT subscriptions_status_check CHECK (((status)::text = ANY ((ARRAY['ACTIVE'::character varying, 'PAUSED'::character varying, 'CANCELED'::character varying])::text[])))
);


--
-- Name: subscriptions_id_seq; Type: SEQUENCE; Schema: public; Owner: -
--

ALTER TABLE public.subscriptions ALTER COLUMN id ADD GENERATED BY DEFAULT AS IDENTITY (
    SEQUENCE NAME public.subscriptions_id_seq
    START WITH 1
    INCREMENT BY 1
    NO MINVALUE
    NO MAXVALUE
    CACHE 1
);


--
-- Name: symptom_checks; Type: TABLE; Schema: public; Owner: -
--

CREATE TABLE public.symptom_checks (
    id bigint NOT NULL,
    pet_id bigint NOT NULL,
    requested_by_user_id bigint NOT NULL,
    symptom_type character varying(100) NOT NULL,
    onset_text character varying(100),
    memo character varying(500),
    severity character varying(10) NOT NULL,
    recommendation character varying(10) NOT NULL,
    guidance text,
    ai_model character varying(100),
    deleted_at timestamp without time zone,
    created_at timestamp without time zone DEFAULT CURRENT_TIMESTAMP NOT NULL,
    CONSTRAINT symptom_checks_recommendation_check CHECK (((recommendation)::text = ANY ((ARRAY['OBSERVE'::character varying, 'CONSULT'::character varying, 'VISIT'::character varying])::text[]))),
    CONSTRAINT symptom_checks_severity_check CHECK (((severity)::text = ANY ((ARRAY['LOW'::character varying, 'MEDIUM'::character varying, 'HIGH'::character varying])::text[])))
);


--
-- Name: symptom_checks_id_seq; Type: SEQUENCE; Schema: public; Owner: -
--

ALTER TABLE public.symptom_checks ALTER COLUMN id ADD GENERATED BY DEFAULT AS IDENTITY (
    SEQUENCE NAME public.symptom_checks_id_seq
    START WITH 1
    INCREMENT BY 1
    NO MINVALUE
    NO MAXVALUE
    CACHE 1
);


--
-- Name: users; Type: TABLE; Schema: public; Owner: -
--

CREATE TABLE public.users (
    id bigint NOT NULL,
    role_id bigint NOT NULL,
    name character varying(50) NOT NULL,
    email character varying(255) NOT NULL,
    password_hash character varying(255) NOT NULL,
    phone character varying(20),
    slack_user_id character varying(100),
    line_user_id character varying(100),
    status character varying(20) DEFAULT 'ACTIVE'::character varying NOT NULL,
    last_login_at timestamp without time zone,
    deleted_at timestamp without time zone,
    created_at timestamp without time zone DEFAULT CURRENT_TIMESTAMP NOT NULL,
    updated_at timestamp without time zone DEFAULT CURRENT_TIMESTAMP NOT NULL,
    CONSTRAINT users_status_check CHECK (((status)::text = ANY ((ARRAY['ACTIVE'::character varying, 'INACTIVE'::character varying, 'SUSPENDED'::character varying])::text[])))
);


--
-- Name: users_id_seq; Type: SEQUENCE; Schema: public; Owner: -
--

ALTER TABLE public.users ALTER COLUMN id ADD GENERATED BY DEFAULT AS IDENTITY (
    SEQUENCE NAME public.users_id_seq
    START WITH 1
    INCREMENT BY 1
    NO MINVALUE
    NO MAXVALUE
    CACHE 1
);


--
-- Data for Name: announcements; Type: TABLE DATA; Schema: public; Owner: -
--



--
-- Data for Name: appointment_slots; Type: TABLE DATA; Schema: public; Owner: -
--



--
-- Data for Name: appointments; Type: TABLE DATA; Schema: public; Owner: -
--



--
-- Data for Name: consult_chat_messages; Type: TABLE DATA; Schema: public; Owner: -
--



--
-- Data for Name: dismissed_reminders; Type: TABLE DATA; Schema: public; Owner: -
--



--
-- Data for Name: email_messages; Type: TABLE DATA; Schema: public; Owner: -
--



--
-- Data for Name: email_templates; Type: TABLE DATA; Schema: public; Owner: -
--



--
-- Data for Name: health_records; Type: TABLE DATA; Schema: public; Owner: -
--

INSERT INTO public.health_records (id, pet_id, recorded_by_user_id, record_date, weight_kg, meal_memo, exercise_minutes, meal_score, exercise_score, sleep_score, mood_score, overall_score, image_path, note, deleted_at, created_at, updated_at) VALUES
	(1, 1, 6, '2026-05-10', 8.60, '食欲良好', 30, NULL, NULL, NULL, NULL, NULL, NULL, '特記事項なし', NULL, '2026-05-26 17:08:25.275393', '2026-05-26 17:08:25.275393'),
	(2, 2, 6, '2026-05-10', 3.75, '少し食欲低下', 15, NULL, NULL, NULL, NULL, NULL, NULL, '様子見', NULL, '2026-05-26 17:08:25.276531', '2026-05-26 17:08:25.276531'),
	(3, 3, 7, '2026-05-11', 5.25, '通常', 25, NULL, NULL, NULL, NULL, NULL, NULL, '元気', NULL, '2026-05-26 17:08:25.277055', '2026-05-26 17:08:25.277055');


--
-- Data for Name: invoices; Type: TABLE DATA; Schema: public; Owner: -
--



--
-- Data for Name: medical_attachments; Type: TABLE DATA; Schema: public; Owner: -
--



--
-- Data for Name: medical_histories; Type: TABLE DATA; Schema: public; Owner: -
--



--
-- Data for Name: notification_recipients; Type: TABLE DATA; Schema: public; Owner: -
--



--
-- Data for Name: notifications; Type: TABLE DATA; Schema: public; Owner: -
--



--
-- Data for Name: password_reset_tokens; Type: TABLE DATA; Schema: public; Owner: -
--



--
-- Data for Name: payments; Type: TABLE DATA; Schema: public; Owner: -
--



--
-- Data for Name: pet_calendar_marks; Type: TABLE DATA; Schema: public; Owner: -
--



--
-- Data for Name: pet_care_records; Type: TABLE DATA; Schema: public; Owner: -
--

INSERT INTO public.pet_care_records (id, pet_id, recorded_by_user_id, care_type, administered_on, next_due_on, memo, deleted_at, created_at, updated_at) VALUES
	(1, 1, 6, 'RABIES', '2025-08-01', '2026-08-01', '狂犬病予防接種', NULL, '2026-05-26 17:08:25.277486', '2026-05-26 17:08:25.277486'),
	(2, 1, 6, 'HEARTWORM', '2025-07-15', '2026-07-15', 'フィラリア予防薬', NULL, '2026-05-26 17:08:25.278494', '2026-05-26 17:08:25.278494'),
	(3, 1, 6, 'COMBO_VACCINE', '2025-09-01', '2026-09-01', '混合ワクチン接種', NULL, '2026-05-26 17:08:25.278939', '2026-05-26 17:08:25.278939');


--
-- Data for Name: pets; Type: TABLE DATA; Schema: public; Owner: -
--

INSERT INTO public.pets (id, owner_user_id, name, species, breed, sex, birth_date, weight_baseline_kg, image_path, deceased_at, deleted_at, created_at, updated_at) VALUES
	(1, 6, 'ポチ', 'DOG', '雑種', 'MALE', '2021-03-01', 8.50, NULL, NULL, NULL, '2026-05-26 17:08:25.269399', '2026-05-26 17:08:25.269399'),
	(2, 6, 'タロウ', 'DOG', '柴犬', 'FEMALE', '2022-07-12', 3.80, NULL, NULL, NULL, '2026-05-26 17:08:25.272672', '2026-05-26 17:08:25.272672'),
	(3, 7, 'レオン', 'DOG', 'ノーフォークテリア', 'MALE', '2020-11-23', 5.20, NULL, NULL, NULL, '2026-05-26 17:08:25.273166', '2026-05-26 17:08:25.273166'),
	(101, 6, 'ピーコ', 'DOG', 'チワワ', 'FEMALE', '2022-01-01', 7.40, NULL, NULL, NULL, '2026-05-26 17:08:25.273573', '2026-05-26 17:08:25.273573'),
	(102, 7, 'カレン', 'DOG', 'ポメプー', 'FEMALE', '2021-06-10', 4.10, NULL, NULL, NULL, '2026-05-26 17:08:25.274365', '2026-05-26 17:08:25.274365'),
	(103, 8, 'ボス', 'DOG', 'パグ', 'MALE', '2020-04-20', 5.60, NULL, NULL, NULL, '2026-05-26 17:08:25.274911', '2026-05-26 17:08:25.274911');


--
-- Data for Name: plan_features; Type: TABLE DATA; Schema: public; Owner: -
--

INSERT INTO public.plan_features (plan_id, feature_code) VALUES
	(2, 'AI_SYMPTOM'),
	(2, 'SLACK_BOT'),
	(2, 'LINE_BOT'),
	(3, 'AI_SYMPTOM'),
	(3, 'SLACK_BOT'),
	(3, 'LINE_BOT'),
	(3, 'ZOOM_CONSULT');


--
-- Data for Name: plans; Type: TABLE DATA; Schema: public; Owner: -
--

INSERT INTO public.plans (id, name, monthly_fee, features_json, is_active, deleted_at, created_at, updated_at) VALUES
	(1, 'LIGHT', 980.00, '{"lineBot": false, "slackBot": false, "zoomConsult": false, "healthRecord": true, "aiSymptomCheck": false, "basicNotification": true}', true, NULL, '2026-05-26 17:04:30.821606', '2026-05-26 17:08:25.268315'),
	(2, 'STANDARD', 1980.00, '{"lineBot": true, "slackBot": true, "zoomConsult": false, "healthRecord": true, "aiSymptomCheck": true, "basicNotification": true}', true, NULL, '2026-05-26 17:04:30.821606', '2026-05-26 17:08:25.268315'),
	(3, 'PREMIUM', 2980.00, '{"lineBot": true, "slackBot": true, "zoomConsult": true, "healthRecord": true, "aiSymptomCheck": true, "basicNotification": true}', true, NULL, '2026-05-26 17:04:30.821606', '2026-05-26 17:08:25.268315');


--
-- Data for Name: roles; Type: TABLE DATA; Schema: public; Owner: -
--

INSERT INTO public.roles (id, role_code, role_name, created_at, updated_at) VALUES
	(1, 'ADMIN', '管理者', '2026-05-26 17:04:30.814647', '2026-05-26 17:04:30.814647'),
	(2, 'SUPER', '開発者', '2026-05-26 17:04:30.814647', '2026-05-26 17:04:30.814647'),
	(3, 'USER', '一般ユーザー', '2026-05-26 17:04:30.814647', '2026-05-26 17:04:30.814647'),
	(4, 'VET', '獣医師', '2026-05-26 17:04:30.814647', '2026-05-26 17:04:30.814647'),
	(5, 'STAFF', 'スタッフ', '2026-05-26 17:04:30.814647', '2026-05-26 17:04:30.814647');


--
-- Data for Name: subscriptions; Type: TABLE DATA; Schema: public; Owner: -
--

INSERT INTO public.subscriptions (id, user_id, pet_id, plan_id, start_date, end_date, status, auto_renew, deleted_at, created_at, updated_at) VALUES
	(2, 7, 3, 2, '2026-04-26', NULL, 'ACTIVE', true, NULL, '2026-05-26 17:08:25.279392', '2026-05-26 17:08:25.279392'),
	(3, 6, 101, 1, '2026-04-26', NULL, 'ACTIVE', true, NULL, '2026-05-26 17:08:25.281211', '2026-05-26 17:08:25.281211'),
	(4, 7, 102, 2, '2026-04-26', NULL, 'ACTIVE', true, NULL, '2026-05-26 17:08:25.281899', '2026-05-26 17:08:25.281899'),
	(5, 8, 103, 3, '2026-04-26', NULL, 'ACTIVE', true, NULL, '2026-05-26 17:08:25.282544', '2026-05-26 17:08:25.282544');


--
-- Data for Name: symptom_checks; Type: TABLE DATA; Schema: public; Owner: -
--



--
-- Data for Name: users; Type: TABLE DATA; Schema: public; Owner: -
--

INSERT INTO public.users (id, role_id, name, email, password_hash, phone, slack_user_id, line_user_id, status, last_login_at, deleted_at, created_at, updated_at) VALUES
	(1, 2, '開発者', 'h4mizoo@gmail.com', '$2a$10$JVzhPzaoSjFhFIMOIcKqGOK8yRkeXGszI8PFagXr3CAPVPk8ZquBu', '090-1455-3927', NULL, 'nz-1015', 'ACTIVE', NULL, NULL, '2026-05-26 17:04:30.818403', '2026-05-26 17:04:30.818403'),
	(2, 2, '開発者アカウント', 'super@petlife.local', '$2a$10$5.LqdwNIIm9PKgt5WHFnDebbdlmcaeRaTWRzZsNoLmQ6PnHRgkvzK', '090-1455-3927', NULL, NULL, 'ACTIVE', NULL, NULL, '2026-05-26 17:07:58.499495', '2026-05-26 17:07:58.499495'),
	(3, 1, '管理アカウント', 'admin@petlife.local', '$2a$10$qgIwWL6TDOzxzAdj/rl/r.XxqdQSS.qOgw5cRzSyt2yHFuJr8KcFa', '090-1111-1111', NULL, NULL, 'ACTIVE', NULL, NULL, '2026-05-26 17:07:58.599892', '2026-05-26 17:07:58.599892'),
	(4, 4, 'Dr.アカウント', 'vet1@petlife.local', '$2a$10$aypqMFHAxI9vDskaLVIVjOZPadE7WnFT7Jeap2uukUxcAy1sj8t4q', '090-4444-4444', NULL, NULL, 'ACTIVE', NULL, NULL, '2026-05-26 17:07:58.685995', '2026-05-26 17:07:58.685995'),
	(5, 5, 'Staff.アカウント', 'staff1@petlife.local', '$2a$10$KOizr9F0N.aHuIn49ORDCuOPxiikPMTH127aNlK./nF29NfSD90Qu', '090-5555-5555', NULL, NULL, 'ACTIVE', NULL, NULL, '2026-05-26 17:07:58.772241', '2026-05-26 17:07:58.772241'),
	(6, 3, 'ライト会員', 'owner1@petlife.local', '$2a$10$ey/WJ0AqE7qESMNcNG08seBH5HdszUMQT/yZXTv7GVxPophpSrNw6', '090-6666-0001', NULL, NULL, 'ACTIVE', NULL, NULL, '2026-05-26 17:07:58.857418', '2026-05-26 17:07:58.857418'),
	(7, 3, 'スタンダード会員', 'owner2@petlife.local', '$2a$10$T3Fyz/.Ig8GUan.v/E08FOnkKAPwsvnP.qgC0/swcVQXrCRehQF.e', '090-6666-0002', NULL, NULL, 'ACTIVE', NULL, NULL, '2026-05-26 17:07:58.943196', '2026-05-26 17:07:58.943196'),
	(8, 3, 'プレミアム会員', 'owner3@petlife.local', '$2a$10$rbSUAZgpJjledKUIaQVDhejl3K3epkLfrcyiX.laYu9ShBhBatZfC', '090-6666-0003', NULL, NULL, 'ACTIVE', NULL, NULL, '2026-05-26 17:07:59.031622', '2026-05-26 17:07:59.031622');


--
-- Name: announcements_id_seq; Type: SEQUENCE SET; Schema: public; Owner: -
--

SELECT pg_catalog.setval('public.announcements_id_seq', 1, false);


--
-- Name: appointment_slots_id_seq; Type: SEQUENCE SET; Schema: public; Owner: -
--

SELECT pg_catalog.setval('public.appointment_slots_id_seq', 1, false);


--
-- Name: appointments_id_seq; Type: SEQUENCE SET; Schema: public; Owner: -
--

SELECT pg_catalog.setval('public.appointments_id_seq', 1, false);


--
-- Name: consult_chat_messages_id_seq; Type: SEQUENCE SET; Schema: public; Owner: -
--

SELECT pg_catalog.setval('public.consult_chat_messages_id_seq', 1, false);


--
-- Name: dismissed_reminders_id_seq; Type: SEQUENCE SET; Schema: public; Owner: -
--

SELECT pg_catalog.setval('public.dismissed_reminders_id_seq', 1, false);


--
-- Name: email_messages_id_seq; Type: SEQUENCE SET; Schema: public; Owner: -
--

SELECT pg_catalog.setval('public.email_messages_id_seq', 1, false);


--
-- Name: email_templates_id_seq; Type: SEQUENCE SET; Schema: public; Owner: -
--

SELECT pg_catalog.setval('public.email_templates_id_seq', 1, false);


--
-- Name: health_records_id_seq; Type: SEQUENCE SET; Schema: public; Owner: -
--

SELECT pg_catalog.setval('public.health_records_id_seq', 3, true);


--
-- Name: invoices_id_seq; Type: SEQUENCE SET; Schema: public; Owner: -
--

SELECT pg_catalog.setval('public.invoices_id_seq', 1, false);


--
-- Name: medical_attachments_id_seq; Type: SEQUENCE SET; Schema: public; Owner: -
--

SELECT pg_catalog.setval('public.medical_attachments_id_seq', 1, false);


--
-- Name: medical_histories_id_seq; Type: SEQUENCE SET; Schema: public; Owner: -
--

SELECT pg_catalog.setval('public.medical_histories_id_seq', 1, false);


--
-- Name: notifications_id_seq; Type: SEQUENCE SET; Schema: public; Owner: -
--

SELECT pg_catalog.setval('public.notifications_id_seq', 1, false);


--
-- Name: password_reset_tokens_id_seq; Type: SEQUENCE SET; Schema: public; Owner: -
--

SELECT pg_catalog.setval('public.password_reset_tokens_id_seq', 1, false);


--
-- Name: payments_id_seq; Type: SEQUENCE SET; Schema: public; Owner: -
--

SELECT pg_catalog.setval('public.payments_id_seq', 1, false);


--
-- Name: pet_calendar_marks_id_seq; Type: SEQUENCE SET; Schema: public; Owner: -
--

SELECT pg_catalog.setval('public.pet_calendar_marks_id_seq', 1, false);


--
-- Name: pet_care_records_id_seq; Type: SEQUENCE SET; Schema: public; Owner: -
--

SELECT pg_catalog.setval('public.pet_care_records_id_seq', 3, true);


--
-- Name: pets_id_seq; Type: SEQUENCE SET; Schema: public; Owner: -
--

SELECT pg_catalog.setval('public.pets_id_seq', 103, true);


--
-- Name: plans_id_seq; Type: SEQUENCE SET; Schema: public; Owner: -
--

SELECT pg_catalog.setval('public.plans_id_seq', 3, true);


--
-- Name: roles_id_seq; Type: SEQUENCE SET; Schema: public; Owner: -
--

SELECT pg_catalog.setval('public.roles_id_seq', 5, true);


--
-- Name: subscriptions_id_seq; Type: SEQUENCE SET; Schema: public; Owner: -
--

SELECT pg_catalog.setval('public.subscriptions_id_seq', 5, true);


--
-- Name: symptom_checks_id_seq; Type: SEQUENCE SET; Schema: public; Owner: -
--

SELECT pg_catalog.setval('public.symptom_checks_id_seq', 1, false);


--
-- Name: users_id_seq; Type: SEQUENCE SET; Schema: public; Owner: -
--

SELECT pg_catalog.setval('public.users_id_seq', 9, true);


--
-- Name: announcements announcements_pkey; Type: CONSTRAINT; Schema: public; Owner: -
--

ALTER TABLE ONLY public.announcements
    ADD CONSTRAINT announcements_pkey PRIMARY KEY (id);


--
-- Name: appointment_slots appointment_slots_pkey; Type: CONSTRAINT; Schema: public; Owner: -
--

ALTER TABLE ONLY public.appointment_slots
    ADD CONSTRAINT appointment_slots_pkey PRIMARY KEY (id);


--
-- Name: appointments appointments_pkey; Type: CONSTRAINT; Schema: public; Owner: -
--

ALTER TABLE ONLY public.appointments
    ADD CONSTRAINT appointments_pkey PRIMARY KEY (id);


--
-- Name: consult_chat_messages consult_chat_messages_pkey; Type: CONSTRAINT; Schema: public; Owner: -
--

ALTER TABLE ONLY public.consult_chat_messages
    ADD CONSTRAINT consult_chat_messages_pkey PRIMARY KEY (id);


--
-- Name: dismissed_reminders dismissed_reminders_pkey; Type: CONSTRAINT; Schema: public; Owner: -
--

ALTER TABLE ONLY public.dismissed_reminders
    ADD CONSTRAINT dismissed_reminders_pkey PRIMARY KEY (id);


--
-- Name: dismissed_reminders dismissed_reminders_user_id_reminder_key_key; Type: CONSTRAINT; Schema: public; Owner: -
--

ALTER TABLE ONLY public.dismissed_reminders
    ADD CONSTRAINT dismissed_reminders_user_id_reminder_key_key UNIQUE (user_id, reminder_key);


--
-- Name: email_messages email_messages_pkey; Type: CONSTRAINT; Schema: public; Owner: -
--

ALTER TABLE ONLY public.email_messages
    ADD CONSTRAINT email_messages_pkey PRIMARY KEY (id);


--
-- Name: email_templates email_templates_pkey; Type: CONSTRAINT; Schema: public; Owner: -
--

ALTER TABLE ONLY public.email_templates
    ADD CONSTRAINT email_templates_pkey PRIMARY KEY (id);


--
-- Name: email_templates email_templates_template_code_key; Type: CONSTRAINT; Schema: public; Owner: -
--

ALTER TABLE ONLY public.email_templates
    ADD CONSTRAINT email_templates_template_code_key UNIQUE (template_code);


--
-- Name: health_records health_records_pkey; Type: CONSTRAINT; Schema: public; Owner: -
--

ALTER TABLE ONLY public.health_records
    ADD CONSTRAINT health_records_pkey PRIMARY KEY (id);


--
-- Name: invoices invoices_invoice_number_key; Type: CONSTRAINT; Schema: public; Owner: -
--

ALTER TABLE ONLY public.invoices
    ADD CONSTRAINT invoices_invoice_number_key UNIQUE (invoice_number);


--
-- Name: invoices invoices_pkey; Type: CONSTRAINT; Schema: public; Owner: -
--

ALTER TABLE ONLY public.invoices
    ADD CONSTRAINT invoices_pkey PRIMARY KEY (id);


--
-- Name: medical_attachments medical_attachments_pkey; Type: CONSTRAINT; Schema: public; Owner: -
--

ALTER TABLE ONLY public.medical_attachments
    ADD CONSTRAINT medical_attachments_pkey PRIMARY KEY (id);


--
-- Name: medical_histories medical_histories_appointment_id_key; Type: CONSTRAINT; Schema: public; Owner: -
--

ALTER TABLE ONLY public.medical_histories
    ADD CONSTRAINT medical_histories_appointment_id_key UNIQUE (appointment_id);


--
-- Name: medical_histories medical_histories_pkey; Type: CONSTRAINT; Schema: public; Owner: -
--

ALTER TABLE ONLY public.medical_histories
    ADD CONSTRAINT medical_histories_pkey PRIMARY KEY (id);


--
-- Name: notification_recipients notification_recipients_pkey; Type: CONSTRAINT; Schema: public; Owner: -
--

ALTER TABLE ONLY public.notification_recipients
    ADD CONSTRAINT notification_recipients_pkey PRIMARY KEY (notification_id, user_id);


--
-- Name: notifications notifications_pkey; Type: CONSTRAINT; Schema: public; Owner: -
--

ALTER TABLE ONLY public.notifications
    ADD CONSTRAINT notifications_pkey PRIMARY KEY (id);


--
-- Name: password_reset_tokens password_reset_tokens_pkey; Type: CONSTRAINT; Schema: public; Owner: -
--

ALTER TABLE ONLY public.password_reset_tokens
    ADD CONSTRAINT password_reset_tokens_pkey PRIMARY KEY (id);


--
-- Name: password_reset_tokens password_reset_tokens_token_key; Type: CONSTRAINT; Schema: public; Owner: -
--

ALTER TABLE ONLY public.password_reset_tokens
    ADD CONSTRAINT password_reset_tokens_token_key UNIQUE (token);


--
-- Name: payments payments_pkey; Type: CONSTRAINT; Schema: public; Owner: -
--

ALTER TABLE ONLY public.payments
    ADD CONSTRAINT payments_pkey PRIMARY KEY (id);


--
-- Name: pet_calendar_marks pet_calendar_marks_pkey; Type: CONSTRAINT; Schema: public; Owner: -
--

ALTER TABLE ONLY public.pet_calendar_marks
    ADD CONSTRAINT pet_calendar_marks_pkey PRIMARY KEY (id);


--
-- Name: pet_care_records pet_care_records_pkey; Type: CONSTRAINT; Schema: public; Owner: -
--

ALTER TABLE ONLY public.pet_care_records
    ADD CONSTRAINT pet_care_records_pkey PRIMARY KEY (id);


--
-- Name: pets pets_pkey; Type: CONSTRAINT; Schema: public; Owner: -
--

ALTER TABLE ONLY public.pets
    ADD CONSTRAINT pets_pkey PRIMARY KEY (id);


--
-- Name: plan_features plan_features_pkey; Type: CONSTRAINT; Schema: public; Owner: -
--

ALTER TABLE ONLY public.plan_features
    ADD CONSTRAINT plan_features_pkey PRIMARY KEY (plan_id, feature_code);


--
-- Name: plans plans_pkey; Type: CONSTRAINT; Schema: public; Owner: -
--

ALTER TABLE ONLY public.plans
    ADD CONSTRAINT plans_pkey PRIMARY KEY (id);


--
-- Name: roles roles_pkey; Type: CONSTRAINT; Schema: public; Owner: -
--

ALTER TABLE ONLY public.roles
    ADD CONSTRAINT roles_pkey PRIMARY KEY (id);


--
-- Name: roles roles_role_code_key; Type: CONSTRAINT; Schema: public; Owner: -
--

ALTER TABLE ONLY public.roles
    ADD CONSTRAINT roles_role_code_key UNIQUE (role_code);


--
-- Name: subscriptions subscriptions_pkey; Type: CONSTRAINT; Schema: public; Owner: -
--

ALTER TABLE ONLY public.subscriptions
    ADD CONSTRAINT subscriptions_pkey PRIMARY KEY (id);


--
-- Name: symptom_checks symptom_checks_pkey; Type: CONSTRAINT; Schema: public; Owner: -
--

ALTER TABLE ONLY public.symptom_checks
    ADD CONSTRAINT symptom_checks_pkey PRIMARY KEY (id);


--
-- Name: users users_email_key; Type: CONSTRAINT; Schema: public; Owner: -
--

ALTER TABLE ONLY public.users
    ADD CONSTRAINT users_email_key UNIQUE (email);


--
-- Name: users users_pkey; Type: CONSTRAINT; Schema: public; Owner: -
--

ALTER TABLE ONLY public.users
    ADD CONSTRAINT users_pkey PRIMARY KEY (id);


--
-- Name: idx_appointment_slots_datetime; Type: INDEX; Schema: public; Owner: -
--

CREATE INDEX idx_appointment_slots_datetime ON public.appointment_slots USING btree (slot_datetime);


--
-- Name: idx_appointments_owner_scheduled_at; Type: INDEX; Schema: public; Owner: -
--

CREATE INDEX idx_appointments_owner_scheduled_at ON public.appointments USING btree (owner_user_id, scheduled_at);


--
-- Name: idx_appointments_pet_scheduled_at; Type: INDEX; Schema: public; Owner: -
--

CREATE INDEX idx_appointments_pet_scheduled_at ON public.appointments USING btree (pet_id, scheduled_at);


--
-- Name: idx_appointments_slot_id; Type: INDEX; Schema: public; Owner: -
--

CREATE INDEX idx_appointments_slot_id ON public.appointments USING btree (slot_id);


--
-- Name: idx_appointments_staff_scheduled_at; Type: INDEX; Schema: public; Owner: -
--

CREATE INDEX idx_appointments_staff_scheduled_at ON public.appointments USING btree (staff_user_id, scheduled_at);


--
-- Name: idx_appointments_status_scheduled_at; Type: INDEX; Schema: public; Owner: -
--

CREATE INDEX idx_appointments_status_scheduled_at ON public.appointments USING btree (status, scheduled_at);


--
-- Name: idx_consult_chat_messages_user_id_created; Type: INDEX; Schema: public; Owner: -
--

CREATE INDEX idx_consult_chat_messages_user_id_created ON public.consult_chat_messages USING btree (user_id, created_at);


--
-- Name: idx_dismissed_reminders_user_id; Type: INDEX; Schema: public; Owner: -
--

CREATE INDEX idx_dismissed_reminders_user_id ON public.dismissed_reminders USING btree (user_id);


--
-- Name: idx_email_messages_recipient_created; Type: INDEX; Schema: public; Owner: -
--

CREATE INDEX idx_email_messages_recipient_created ON public.email_messages USING btree (recipient_user_id, created_at);


--
-- Name: idx_email_messages_status_send_timing; Type: INDEX; Schema: public; Owner: -
--

CREATE INDEX idx_email_messages_status_send_timing ON public.email_messages USING btree (status, send_timing_at);


--
-- Name: idx_email_messages_template_id; Type: INDEX; Schema: public; Owner: -
--

CREATE INDEX idx_email_messages_template_id ON public.email_messages USING btree (template_id);


--
-- Name: idx_health_records_pet_record_date; Type: INDEX; Schema: public; Owner: -
--

CREATE INDEX idx_health_records_pet_record_date ON public.health_records USING btree (pet_id, record_date);


--
-- Name: idx_health_records_recorded_by_user_id; Type: INDEX; Schema: public; Owner: -
--

CREATE INDEX idx_health_records_recorded_by_user_id ON public.health_records USING btree (recorded_by_user_id);


--
-- Name: idx_invoices_payment_status_due_date; Type: INDEX; Schema: public; Owner: -
--

CREATE INDEX idx_invoices_payment_status_due_date ON public.invoices USING btree (payment_status, due_date);


--
-- Name: idx_invoices_subscription_id; Type: INDEX; Schema: public; Owner: -
--

CREATE INDEX idx_invoices_subscription_id ON public.invoices USING btree (subscription_id);


--
-- Name: idx_medical_attachments_history_id; Type: INDEX; Schema: public; Owner: -
--

CREATE INDEX idx_medical_attachments_history_id ON public.medical_attachments USING btree (medical_history_id);


--
-- Name: idx_medical_histories_pet_performed_on; Type: INDEX; Schema: public; Owner: -
--

CREATE INDEX idx_medical_histories_pet_performed_on ON public.medical_histories USING btree (pet_id, performed_on);


--
-- Name: idx_notification_recipients_user_status; Type: INDEX; Schema: public; Owner: -
--

CREATE INDEX idx_notification_recipients_user_status ON public.notification_recipients USING btree (user_id, delivery_status);


--
-- Name: idx_notifications_created_by; Type: INDEX; Schema: public; Owner: -
--

CREATE INDEX idx_notifications_created_by ON public.notifications USING btree (created_by_user_id);


--
-- Name: idx_notifications_status_scheduled; Type: INDEX; Schema: public; Owner: -
--

CREATE INDEX idx_notifications_status_scheduled ON public.notifications USING btree (delivery_status, scheduled_at);


--
-- Name: idx_payments_invoice_id; Type: INDEX; Schema: public; Owner: -
--

CREATE INDEX idx_payments_invoice_id ON public.payments USING btree (invoice_id);


--
-- Name: idx_payments_status; Type: INDEX; Schema: public; Owner: -
--

CREATE INDEX idx_payments_status ON public.payments USING btree (status);


--
-- Name: idx_pet_calendar_marks_pet_date; Type: INDEX; Schema: public; Owner: -
--

CREATE INDEX idx_pet_calendar_marks_pet_date ON public.pet_calendar_marks USING btree (pet_id, mark_date);


--
-- Name: idx_pet_care_records_pet_next_due; Type: INDEX; Schema: public; Owner: -
--

CREATE INDEX idx_pet_care_records_pet_next_due ON public.pet_care_records USING btree (pet_id, next_due_on);


--
-- Name: idx_pets_owner_user_id; Type: INDEX; Schema: public; Owner: -
--

CREATE INDEX idx_pets_owner_user_id ON public.pets USING btree (owner_user_id);


--
-- Name: idx_pets_species; Type: INDEX; Schema: public; Owner: -
--

CREATE INDEX idx_pets_species ON public.pets USING btree (species);


--
-- Name: idx_plans_is_active; Type: INDEX; Schema: public; Owner: -
--

CREATE INDEX idx_plans_is_active ON public.plans USING btree (is_active);


--
-- Name: idx_subscriptions_pet_status; Type: INDEX; Schema: public; Owner: -
--

CREATE INDEX idx_subscriptions_pet_status ON public.subscriptions USING btree (pet_id, status);


--
-- Name: idx_subscriptions_plan_id; Type: INDEX; Schema: public; Owner: -
--

CREATE INDEX idx_subscriptions_plan_id ON public.subscriptions USING btree (plan_id);


--
-- Name: idx_subscriptions_user_status; Type: INDEX; Schema: public; Owner: -
--

CREATE INDEX idx_subscriptions_user_status ON public.subscriptions USING btree (user_id, status);


--
-- Name: idx_symptom_checks_pet_created_at; Type: INDEX; Schema: public; Owner: -
--

CREATE INDEX idx_symptom_checks_pet_created_at ON public.symptom_checks USING btree (pet_id, created_at);


--
-- Name: idx_symptom_checks_requested_by_user_id; Type: INDEX; Schema: public; Owner: -
--

CREATE INDEX idx_symptom_checks_requested_by_user_id ON public.symptom_checks USING btree (requested_by_user_id);


--
-- Name: idx_users_role_id; Type: INDEX; Schema: public; Owner: -
--

CREATE INDEX idx_users_role_id ON public.users USING btree (role_id);


--
-- Name: idx_users_status_deleted_at; Type: INDEX; Schema: public; Owner: -
--

CREATE INDEX idx_users_status_deleted_at ON public.users USING btree (status, deleted_at);


--
-- Name: announcements announcements_created_by_user_id_fkey; Type: FK CONSTRAINT; Schema: public; Owner: -
--

ALTER TABLE ONLY public.announcements
    ADD CONSTRAINT announcements_created_by_user_id_fkey FOREIGN KEY (created_by_user_id) REFERENCES public.users(id);


--
-- Name: appointment_slots appointment_slots_created_by_user_id_fkey; Type: FK CONSTRAINT; Schema: public; Owner: -
--

ALTER TABLE ONLY public.appointment_slots
    ADD CONSTRAINT appointment_slots_created_by_user_id_fkey FOREIGN KEY (created_by_user_id) REFERENCES public.users(id);


--
-- Name: appointments appointments_owner_user_id_fkey; Type: FK CONSTRAINT; Schema: public; Owner: -
--

ALTER TABLE ONLY public.appointments
    ADD CONSTRAINT appointments_owner_user_id_fkey FOREIGN KEY (owner_user_id) REFERENCES public.users(id);


--
-- Name: appointments appointments_pet_id_fkey; Type: FK CONSTRAINT; Schema: public; Owner: -
--

ALTER TABLE ONLY public.appointments
    ADD CONSTRAINT appointments_pet_id_fkey FOREIGN KEY (pet_id) REFERENCES public.pets(id);


--
-- Name: appointments appointments_slot_id_fkey; Type: FK CONSTRAINT; Schema: public; Owner: -
--

ALTER TABLE ONLY public.appointments
    ADD CONSTRAINT appointments_slot_id_fkey FOREIGN KEY (slot_id) REFERENCES public.appointment_slots(id);


--
-- Name: appointments appointments_staff_user_id_fkey; Type: FK CONSTRAINT; Schema: public; Owner: -
--

ALTER TABLE ONLY public.appointments
    ADD CONSTRAINT appointments_staff_user_id_fkey FOREIGN KEY (staff_user_id) REFERENCES public.users(id);


--
-- Name: consult_chat_messages consult_chat_messages_user_id_fkey; Type: FK CONSTRAINT; Schema: public; Owner: -
--

ALTER TABLE ONLY public.consult_chat_messages
    ADD CONSTRAINT consult_chat_messages_user_id_fkey FOREIGN KEY (user_id) REFERENCES public.users(id);


--
-- Name: dismissed_reminders dismissed_reminders_user_id_fkey; Type: FK CONSTRAINT; Schema: public; Owner: -
--

ALTER TABLE ONLY public.dismissed_reminders
    ADD CONSTRAINT dismissed_reminders_user_id_fkey FOREIGN KEY (user_id) REFERENCES public.users(id);


--
-- Name: email_messages email_messages_appointment_id_fkey; Type: FK CONSTRAINT; Schema: public; Owner: -
--

ALTER TABLE ONLY public.email_messages
    ADD CONSTRAINT email_messages_appointment_id_fkey FOREIGN KEY (appointment_id) REFERENCES public.appointments(id);


--
-- Name: email_messages email_messages_invoice_id_fkey; Type: FK CONSTRAINT; Schema: public; Owner: -
--

ALTER TABLE ONLY public.email_messages
    ADD CONSTRAINT email_messages_invoice_id_fkey FOREIGN KEY (invoice_id) REFERENCES public.invoices(id);


--
-- Name: email_messages email_messages_pet_id_fkey; Type: FK CONSTRAINT; Schema: public; Owner: -
--

ALTER TABLE ONLY public.email_messages
    ADD CONSTRAINT email_messages_pet_id_fkey FOREIGN KEY (pet_id) REFERENCES public.pets(id);


--
-- Name: email_messages email_messages_recipient_user_id_fkey; Type: FK CONSTRAINT; Schema: public; Owner: -
--

ALTER TABLE ONLY public.email_messages
    ADD CONSTRAINT email_messages_recipient_user_id_fkey FOREIGN KEY (recipient_user_id) REFERENCES public.users(id);


--
-- Name: email_messages email_messages_template_id_fkey; Type: FK CONSTRAINT; Schema: public; Owner: -
--

ALTER TABLE ONLY public.email_messages
    ADD CONSTRAINT email_messages_template_id_fkey FOREIGN KEY (template_id) REFERENCES public.email_templates(id);


--
-- Name: health_records health_records_pet_id_fkey; Type: FK CONSTRAINT; Schema: public; Owner: -
--

ALTER TABLE ONLY public.health_records
    ADD CONSTRAINT health_records_pet_id_fkey FOREIGN KEY (pet_id) REFERENCES public.pets(id);


--
-- Name: health_records health_records_recorded_by_user_id_fkey; Type: FK CONSTRAINT; Schema: public; Owner: -
--

ALTER TABLE ONLY public.health_records
    ADD CONSTRAINT health_records_recorded_by_user_id_fkey FOREIGN KEY (recorded_by_user_id) REFERENCES public.users(id);


--
-- Name: invoices invoices_subscription_id_fkey; Type: FK CONSTRAINT; Schema: public; Owner: -
--

ALTER TABLE ONLY public.invoices
    ADD CONSTRAINT invoices_subscription_id_fkey FOREIGN KEY (subscription_id) REFERENCES public.subscriptions(id);


--
-- Name: medical_attachments medical_attachments_medical_history_id_fkey; Type: FK CONSTRAINT; Schema: public; Owner: -
--

ALTER TABLE ONLY public.medical_attachments
    ADD CONSTRAINT medical_attachments_medical_history_id_fkey FOREIGN KEY (medical_history_id) REFERENCES public.medical_histories(id);


--
-- Name: medical_histories medical_histories_appointment_id_fkey; Type: FK CONSTRAINT; Schema: public; Owner: -
--

ALTER TABLE ONLY public.medical_histories
    ADD CONSTRAINT medical_histories_appointment_id_fkey FOREIGN KEY (appointment_id) REFERENCES public.appointments(id);


--
-- Name: medical_histories medical_histories_handled_by_user_id_fkey; Type: FK CONSTRAINT; Schema: public; Owner: -
--

ALTER TABLE ONLY public.medical_histories
    ADD CONSTRAINT medical_histories_handled_by_user_id_fkey FOREIGN KEY (handled_by_user_id) REFERENCES public.users(id);


--
-- Name: medical_histories medical_histories_pet_id_fkey; Type: FK CONSTRAINT; Schema: public; Owner: -
--

ALTER TABLE ONLY public.medical_histories
    ADD CONSTRAINT medical_histories_pet_id_fkey FOREIGN KEY (pet_id) REFERENCES public.pets(id);


--
-- Name: notification_recipients notification_recipients_notification_id_fkey; Type: FK CONSTRAINT; Schema: public; Owner: -
--

ALTER TABLE ONLY public.notification_recipients
    ADD CONSTRAINT notification_recipients_notification_id_fkey FOREIGN KEY (notification_id) REFERENCES public.notifications(id);


--
-- Name: notification_recipients notification_recipients_user_id_fkey; Type: FK CONSTRAINT; Schema: public; Owner: -
--

ALTER TABLE ONLY public.notification_recipients
    ADD CONSTRAINT notification_recipients_user_id_fkey FOREIGN KEY (user_id) REFERENCES public.users(id);


--
-- Name: notifications notifications_created_by_user_id_fkey; Type: FK CONSTRAINT; Schema: public; Owner: -
--

ALTER TABLE ONLY public.notifications
    ADD CONSTRAINT notifications_created_by_user_id_fkey FOREIGN KEY (created_by_user_id) REFERENCES public.users(id);


--
-- Name: password_reset_tokens password_reset_tokens_user_id_fkey; Type: FK CONSTRAINT; Schema: public; Owner: -
--

ALTER TABLE ONLY public.password_reset_tokens
    ADD CONSTRAINT password_reset_tokens_user_id_fkey FOREIGN KEY (user_id) REFERENCES public.users(id);


--
-- Name: payments payments_invoice_id_fkey; Type: FK CONSTRAINT; Schema: public; Owner: -
--

ALTER TABLE ONLY public.payments
    ADD CONSTRAINT payments_invoice_id_fkey FOREIGN KEY (invoice_id) REFERENCES public.invoices(id);


--
-- Name: pet_calendar_marks pet_calendar_marks_created_by_user_id_fkey; Type: FK CONSTRAINT; Schema: public; Owner: -
--

ALTER TABLE ONLY public.pet_calendar_marks
    ADD CONSTRAINT pet_calendar_marks_created_by_user_id_fkey FOREIGN KEY (created_by_user_id) REFERENCES public.users(id);


--
-- Name: pet_calendar_marks pet_calendar_marks_pet_id_fkey; Type: FK CONSTRAINT; Schema: public; Owner: -
--

ALTER TABLE ONLY public.pet_calendar_marks
    ADD CONSTRAINT pet_calendar_marks_pet_id_fkey FOREIGN KEY (pet_id) REFERENCES public.pets(id);


--
-- Name: pet_care_records pet_care_records_pet_id_fkey; Type: FK CONSTRAINT; Schema: public; Owner: -
--

ALTER TABLE ONLY public.pet_care_records
    ADD CONSTRAINT pet_care_records_pet_id_fkey FOREIGN KEY (pet_id) REFERENCES public.pets(id);


--
-- Name: pet_care_records pet_care_records_recorded_by_user_id_fkey; Type: FK CONSTRAINT; Schema: public; Owner: -
--

ALTER TABLE ONLY public.pet_care_records
    ADD CONSTRAINT pet_care_records_recorded_by_user_id_fkey FOREIGN KEY (recorded_by_user_id) REFERENCES public.users(id);


--
-- Name: pets pets_owner_user_id_fkey; Type: FK CONSTRAINT; Schema: public; Owner: -
--

ALTER TABLE ONLY public.pets
    ADD CONSTRAINT pets_owner_user_id_fkey FOREIGN KEY (owner_user_id) REFERENCES public.users(id);


--
-- Name: plan_features plan_features_plan_id_fkey; Type: FK CONSTRAINT; Schema: public; Owner: -
--

ALTER TABLE ONLY public.plan_features
    ADD CONSTRAINT plan_features_plan_id_fkey FOREIGN KEY (plan_id) REFERENCES public.plans(id);


--
-- Name: subscriptions subscriptions_pet_id_fkey; Type: FK CONSTRAINT; Schema: public; Owner: -
--

ALTER TABLE ONLY public.subscriptions
    ADD CONSTRAINT subscriptions_pet_id_fkey FOREIGN KEY (pet_id) REFERENCES public.pets(id);


--
-- Name: subscriptions subscriptions_plan_id_fkey; Type: FK CONSTRAINT; Schema: public; Owner: -
--

ALTER TABLE ONLY public.subscriptions
    ADD CONSTRAINT subscriptions_plan_id_fkey FOREIGN KEY (plan_id) REFERENCES public.plans(id);


--
-- Name: subscriptions subscriptions_user_id_fkey; Type: FK CONSTRAINT; Schema: public; Owner: -
--

ALTER TABLE ONLY public.subscriptions
    ADD CONSTRAINT subscriptions_user_id_fkey FOREIGN KEY (user_id) REFERENCES public.users(id);


--
-- Name: symptom_checks symptom_checks_pet_id_fkey; Type: FK CONSTRAINT; Schema: public; Owner: -
--

ALTER TABLE ONLY public.symptom_checks
    ADD CONSTRAINT symptom_checks_pet_id_fkey FOREIGN KEY (pet_id) REFERENCES public.pets(id);


--
-- Name: symptom_checks symptom_checks_requested_by_user_id_fkey; Type: FK CONSTRAINT; Schema: public; Owner: -
--

ALTER TABLE ONLY public.symptom_checks
    ADD CONSTRAINT symptom_checks_requested_by_user_id_fkey FOREIGN KEY (requested_by_user_id) REFERENCES public.users(id);


--
-- Name: users users_role_id_fkey; Type: FK CONSTRAINT; Schema: public; Owner: -
--

ALTER TABLE ONLY public.users
    ADD CONSTRAINT users_role_id_fkey FOREIGN KEY (role_id) REFERENCES public.roles(id);


--
-- PostgreSQL database dump complete
--


